Id,Title,Type,Category,Genre,Description,Createddate,RankingScore,PopularityScore
1,Once Upon a Time in Hollywood 9,Movie,Classic,"Drama, Romance",A gripping story of heroism and sacrifice.,2018-03-12,7.7,67
2,Everything Everywhere All at Once 8,Movie,Hollywood,Biography,An epic journey through space and time.,2016-11-03,8.2,66
3,The Revenant,Movie,International,"Fantasy, Drama",Intense psychological thriller.,2021-06-11,9.4,84
4,Everything Everywhere All at Once,Movie,Bollywood,Horror,A gripping story of heroism and sacrifice.,2024-01-26,6.8,80
5,Parasite,Movie,Indie,Mystery,Intense psychological thriller.,2013-04-27,9.8,78
6,Parasite,Movie,Indie,"Thriller, Horror",Intense psychological thriller.,2016-09-15,8.6,80
7,La La Land 1,Movie,Blockbuster,Horror,Visual spectacle with groundbreaking effects.,2014-03-10,8.5,72
8,Spider-Man: No Way Home 8,Movie,International,"Adventure, Fantasy",A gripping story of heroism and sacrifice.,2019-10-02,8.9,83
9,Spider-Man: No Way Home 9,Movie,Hollywood,Biography,A gripping story of heroism and sacrifice.,2018-05-26,7.7,89
10,No Time to Die 1,Movie,International,Romance,Revolutionary storytelling and stunning action.,2016-08-27,7.7,85
11,Interstellar,Movie,International,Mystery,A masterpiece of direction and acting.,2015-06-20,7.0,74
12,Dune 4,Movie,Hollywood,"Mystery, Fantasy",A gripping story of heroism and sacrifice.,2018-10-12,9.2,85
13,Forrest Gump 6,Movie,Bollywood,"Fantasy, Adventure",Mind-bending visuals and deep philosophical themes.,2021-01-01,6.7,75
14,Spider-Man: No Way Home 7,Movie,Classic,Comedy,Mind-bending visuals and deep philosophical themes.,2018-10-01,6.8,75
15,Tenet,Movie,Hollywood,Biography,Heartwarming tale with unforgettable characters.,2025-04-02,7.1,70
16,Forrest Gump,Movie,Classic,"Comedy, Thriller",A masterpiece of direction and acting.,2016-04-10,6.2,96
17,Once Upon a Time in Hollywood,Movie,Bollywood,Mystery,Intense psychological thriller.,2020-12-05,6.6,67
18,The Matrix,Movie,Blockbuster,"Biography, Thriller",Mind-bending visuals and deep philosophical themes.,2024-10-18,6.4,69
19,Fight Club 2,Movie,Blockbuster,Sci-Fi,A gripping story of heroism and sacrifice.,2018-07-21,9.2,67
20,Inception,Movie,Blockbuster,Action,A gripping story of heroism and sacrifice.,2018-05-12,7.2,87
21,The Revenant,Movie,Classic,Romance,Visual spectacle with groundbreaking effects.,2025-09-15,6.9,76
22,Dune,Movie,Blockbuster,"Adventure, Adventure",Revolutionary storytelling and stunning action.,2018-11-23,9.3,78
23,Oppenheimer,Movie,International,"Fantasy, Comedy",Visual spectacle with groundbreaking effects.,2019-05-01,9.8,80
24,The Godfather 5,Movie,Blockbuster,Sci-Fi,An epic journey through space and time.,2022-01-14,6.4,66
25,The Matrix 4,Movie,Blockbuster,Mystery,Heartwarming tale with unforgettable characters.,2022-11-27,7.3,76
26,1917,Movie,Indie,"Sci-Fi, Action",Intense psychological thriller.,2024-06-23,9.3,89
27,The Shawshank Redemption,Movie,Bollywood,Comedy,A masterpiece of direction and acting.,2014-04-20,7.9,77
28,Spider-Man: No Way Home,Movie,Hollywood,"Drama, Romance",A masterpiece of direction and acting.,2021-01-18,8.4,79
29,Oppenheimer,Movie,Bollywood,"Adventure, Thriller",An epic journey through space and time.,2023-01-24,6.4,99
30,Jojo Rabbit 5,Movie,Indie,"Horror, Mystery",Mind-bending visuals and deep philosophical themes.,2017-10-14,6.5,86
31,No Time to Die,Movie,Bollywood,"Action, Comedy",Heartwarming tale with unforgettable characters.,2013-06-01,6.1,67
32,Avengers: Endgame,Movie,Classic,Drama,An epic journey through space and time.,2025-09-04,8.7,65
33,Interstellar,Movie,Blockbuster,Romance,An epic journey through space and time.,2017-06-18,9.7,82
34,The Godfather,Movie,Indie,Drama,A masterpiece of direction and acting.,2017-11-13,7.8,81
35,Get Out 4,Movie,Indie,Crime,Revolutionary storytelling and stunning action.,2023-05-15,8.0,83
36,Oppenheimer,Movie,International,Sci-Fi,Intense psychological thriller.,2021-10-23,7.0,69
37,Inception,Movie,Classic,"Drama, Thriller",An epic journey through space and time.,2016-07-04,8.4,81
38,No Time to Die 4,Movie,Blockbuster,Action,A gripping story of heroism and sacrifice.,2015-08-03,8.7,73
39,Dune,Movie,Indie,"Romance, Romance",Heartwarming tale with unforgettable characters.,2022-07-09,9.1,88
40,Fight Club 4,Movie,Bollywood,"Mystery, Adventure",A gripping story of heroism and sacrifice.,2021-01-03,8.4,72
41,Jojo Rabbit,Movie,Blockbuster,"Fantasy, Fantasy",Mind-bending visuals and deep philosophical themes.,2020-05-23,8.1,74
42,Everything Everywhere All at Once,Movie,Blockbuster,"Thriller, Drama",Mind-bending visuals and deep philosophical themes.,2019-06-16,9.1,65
43,Whiplash 1,Movie,Bollywood,Crime,Visual spectacle with groundbreaking effects.,2022-03-29,7.7,88
44,Whiplash,Movie,Classic,Biography,A masterpiece of direction and acting.,2020-07-15,6.5,94
45,No Time to Die 4,Movie,Classic,Adventure,Intense psychological thriller.,2025-03-29,9.5,91
46,The Dark Knight,Movie,Indie,"Drama, Adventure",Intense psychological thriller.,2019-03-09,6.7,77
47,Pulp Fiction 9,Movie,Indie,Fantasy,An epic journey through space and time.,2013-02-21,9.5,70
48,1917,Movie,Classic,"Sci-Fi, Action",Intense psychological thriller.,2014-10-30,6.3,87
49,The Batman 9,Movie,Hollywood,Horror,A masterpiece of direction and acting.,2016-12-29,8.1,98
50,Forrest Gump 4,Movie,Hollywood,Sci-Fi,Mind-bending visuals and deep philosophical themes.,2021-02-15,6.2,68
51,1917,Movie,International,Comedy,An epic journey through space and time.,2020-11-23,8.5,94
52,The Irishman 6,Movie,Blockbuster,"Romance, Romance",A gripping story of heroism and sacrifice.,2019-04-29,6.0,65
53,Fight Club 1,Movie,Hollywood,Adventure,Visual spectacle with groundbreaking effects.,2015-10-07,8.1,74
54,1917 8,Movie,Hollywood,Sci-Fi,Visual spectacle with groundbreaking effects.,2018-07-10,9.0,69
55,Forrest Gump 7,Movie,Classic,"Mystery, Drama",An epic journey through space and time.,2021-10-09,6.0,70
56,Jojo Rabbit,Movie,Hollywood,Thriller,Intense psychological thriller.,2019-07-29,8.7,71
57,Inception,Movie,International,"Action, Fantasy",A gripping story of heroism and sacrifice.,2013-05-16,9.6,75
58,Oppenheimer 1,Movie,Blockbuster,Action,A masterpiece of direction and acting.,2018-04-24,8.7,88
59,Interstellar,Movie,Hollywood,Mystery,A masterpiece of direction and acting.,2013-01-26,7.1,81
60,Fight Club,Movie,Hollywood,"Sci-Fi, Mystery",Intense psychological thriller.,2018-06-14,9.2,70
61,Barbie,Movie,Bollywood,Action,A masterpiece of direction and acting.,2013-01-08,9.3,82
62,No Time to Die,Movie,International,Adventure,Revolutionary storytelling and stunning action.,2022-04-15,7.3,75
63,Forrest Gump,Movie,International,"Adventure, Biography",Mind-bending visuals and deep philosophical themes.,2018-12-17,9.7,71
64,The Revenant 7,Movie,International,"Fantasy, Horror",Intense psychological thriller.,2019-09-24,7.8,88
65,1917,Movie,International,"Comedy, Romance",Heartwarming tale with unforgettable characters.,2013-10-16,7.5,69
66,Top Gun: Maverick 6,Movie,Indie,Drama,Intense psychological thriller.,2024-01-08,8.8,92
67,Everything Everywhere All at Once,Movie,Bollywood,Crime,Heartwarming tale with unforgettable characters.,2017-07-02,7.6,75
68,Fight Club,Movie,Indie,Fantasy,Heartwarming tale with unforgettable characters.,2013-09-06,7.5,92
69,Oppenheimer,Movie,Classic,Mystery,Intense psychological thriller.,2024-07-02,7.7,78
70,Jojo Rabbit,Movie,Indie,Adventure,Intense psychological thriller.,2021-06-30,7.1,87
71,The Grand Budapest Hotel 2,Movie,Bollywood,Adventure,Intense psychological thriller.,2014-10-06,7.1,77
72,The Batman,Movie,Blockbuster,Biography,Heartwarming tale with unforgettable characters.,2020-02-27,7.9,82
73,Top Gun: Maverick 6,Movie,Indie,"Romance, Adventure",Heartwarming tale with unforgettable characters.,2014-01-22,6.6,72
74,Interstellar,Movie,Blockbuster,Fantasy,Visual spectacle with groundbreaking effects.,2014-12-07,9.2,94
75,Oppenheimer 7,Movie,Blockbuster,"Drama, Adventure",Mind-bending visuals and deep philosophical themes.,2025-11-23,8.5,65
76,The Revenant,Movie,International,"Drama, Crime",Mind-bending visuals and deep philosophical themes.,2021-05-11,7.9,94
77,Knives Out,Movie,International,Crime,Visual spectacle with groundbreaking effects.,2024-05-16,7.3,89
78,Whiplash,Movie,Bollywood,Thriller,Visual spectacle with groundbreaking effects.,2019-06-29,7.8,86
79,Tenet 1,Movie,Indie,"Biography, Sci-Fi",An epic journey through space and time.,2019-03-22,8.1,80
80,Forrest Gump 3,Movie,International,"Adventure, Crime",A masterpiece of direction and acting.,2024-11-10,9.1,85
81,Knives Out,Movie,International,"Romance, Thriller",A masterpiece of direction and acting.,2021-12-08,7.4,77
82,Dune 9,Movie,Indie,"Fantasy, Biography",Intense psychological thriller.,2023-07-08,6.9,87
83,The Matrix,Movie,Bollywood,Sci-Fi,Visual spectacle with groundbreaking effects.,2018-02-13,8.9,83
84,Get Out 4,Movie,Indie,Crime,A gripping story of heroism and sacrifice.,2015-10-04,8.2,77
85,Fight Club 8,Movie,Blockbuster,Horror,A masterpiece of direction and acting.,2016-10-17,8.2,98
86,The Revenant 8,Movie,Hollywood,Adventure,Intense psychological thriller.,2020-11-22,8.6,68
87,Jojo Rabbit,Movie,Hollywood,Romance,Intense psychological thriller.,2016-06-23,7.6,93
88,The Batman,Movie,Classic,Drama,Visual spectacle with groundbreaking effects.,2016-06-28,7.7,80
89,The Revenant,Movie,Classic,Crime,Revolutionary storytelling and stunning action.,2019-10-27,8.4,99
90,Top Gun: Maverick,Movie,Bollywood,Crime,Intense psychological thriller.,2013-08-08,8.2,93
91,Dune,Movie,Bollywood,"Drama, Biography",An epic journey through space and time.,2019-06-03,9.7,69
92,Spider-Man: No Way Home,Movie,Blockbuster,Biography,A gripping story of heroism and sacrifice.,2025-07-03,7.7,76
93,Interstellar,Movie,Indie,Comedy,Visual spectacle with groundbreaking effects.,2020-03-11,6.2,98
94,The Grand Budapest Hotel,Movie,Indie,Adventure,Mind-bending visuals and deep philosophical themes.,2019-03-06,8.6,74
95,Once Upon a Time in Hollywood,Movie,Indie,Romance,Revolutionary storytelling and stunning action.,2015-08-06,6.7,70
96,The Shawshank Redemption,Movie,Indie,Biography,Mind-bending visuals and deep philosophical themes.,2021-12-11,8.7,70
97,Once Upon a Time in Hollywood,Movie,International,Sci-Fi,Revolutionary storytelling and stunning action.,2014-04-27,9.2,88
98,1917 2,Movie,Blockbuster,"Mystery, Crime",Revolutionary storytelling and stunning action.,2019-06-30,6.8,68
99,Knives Out,Movie,Blockbuster,"Sci-Fi, Romance",Visual spectacle with groundbreaking effects.,2020-09-22,9.6,92
100,The Grand Budapest Hotel,Movie,Bollywood,"Horror, Drama",Mind-bending visuals and deep philosophical themes.,2023-10-30,8.7,68
101,Inception,Movie,Classic,"Mystery, Mystery",Heartwarming tale with unforgettable characters.,2020-06-25,8.3,69
102,Mad Max: Fury Road,Movie,International,Biography,Visual spectacle with groundbreaking effects.,2016-09-22,6.6,70
103,Barbie,Movie,Indie,"Sci-Fi, Romance",Revolutionary storytelling and stunning action.,2016-09-09,8.4,83
104,Joker 9,Movie,International,"Fantasy, Romance",An epic journey through space and time.,2024-02-28,9.7,68
105,Forrest Gump 8,Movie,Blockbuster,"Drama, Adventure",A gripping story of heroism and sacrifice.,2015-04-10,7.8,84
106,Avengers: Endgame,Movie,Bollywood,Comedy,Heartwarming tale with unforgettable characters.,2015-07-19,7.4,68
107,The Godfather,Movie,Bollywood,"Adventure, Fantasy",Mind-bending visuals and deep philosophical themes.,2023-06-28,9.4,74
108,Top Gun: Maverick 7,Movie,Blockbuster,"Comedy, Horror",Intense psychological thriller.,2018-09-16,7.0,77
109,Pulp Fiction,Movie,Bollywood,"Mystery, Mystery",A masterpiece of direction and acting.,2024-12-22,8.2,89
110,Avengers: Endgame,Movie,Classic,"Romance, Mystery",A masterpiece of direction and acting.,2015-05-08,7.1,88
111,Get Out 6,Movie,Indie,Comedy,Revolutionary storytelling and stunning action.,2013-10-07,6.4,97
112,Parasite 2,Movie,Hollywood,Sci-Fi,Intense psychological thriller.,2019-01-31,6.6,99
113,The Matrix,Movie,Hollywood,Mystery,Mind-bending visuals and deep philosophical themes.,2014-12-16,6.0,66
114,Get Out,Movie,Classic,Romance,Intense psychological thriller.,2013-04-10,8.3,83
115,Barbie,Movie,International,Mystery,Mind-bending visuals and deep philosophical themes.,2017-09-05,8.2,69
116,Avengers: Endgame 8,Movie,International,Action,Visual spectacle with groundbreaking effects.,2022-02-05,9.1,70
117,The Grand Budapest Hotel 8,Movie,Blockbuster,"Mystery, Adventure",A gripping story of heroism and sacrifice.,2024-09-22,7.5,76
118,The Matrix,Movie,International,"Horror, Comedy",Mind-bending visuals and deep philosophical themes.,2018-02-01,7.0,95
119,Knives Out 2,Movie,Blockbuster,"Sci-Fi, Adventure",A masterpiece of direction and acting.,2021-05-27,9.8,78
120,The Irishman,Movie,Blockbuster,Action,Mind-bending visuals and deep philosophical themes.,2025-04-03,8.7,77
121,Dune,Movie,Hollywood,Crime,Mind-bending visuals and deep philosophical themes.,2020-08-20,6.1,76
122,Get Out 7,Movie,Blockbuster,Comedy,A masterpiece of direction and acting.,2019-01-06,9.4,81
123,The Matrix,Movie,Bollywood,"Adventure, Thriller",Heartwarming tale with unforgettable characters.,2020-08-07,7.1,80
124,Once Upon a Time in Hollywood 7,Movie,International,"Mystery, Sci-Fi",Revolutionary storytelling and stunning action.,2021-04-07,9.4,96
125,Top Gun: Maverick,Movie,Hollywood,"Drama, Romance",A masterpiece of direction and acting.,2017-06-18,9.0,88
126,The Godfather,Movie,Hollywood,"Action, Mystery",Heartwarming tale with unforgettable characters.,2023-02-23,9.4,93
127,Top Gun: Maverick,Movie,Hollywood,"Sci-Fi, Romance",A gripping story of heroism and sacrifice.,2021-06-09,9.7,91
128,Inception 7,Movie,Indie,Sci-Fi,Intense psychological thriller.,2024-04-21,8.4,93
129,Barbie 5,Movie,International,Horror,Mind-bending visuals and deep philosophical themes.,2014-07-01,7.5,99
130,Everything Everywhere All at Once,Movie,Indie,Biography,Mind-bending visuals and deep philosophical themes.,2017-02-27,6.7,90
131,Tenet,Movie,International,"Adventure, Romance",Heartwarming tale with unforgettable characters.,2021-10-03,8.5,70
132,Tenet,Movie,Classic,"Drama, Horror",Heartwarming tale with unforgettable characters.,2023-06-29,8.1,70
133,Barbie 6,Movie,Blockbuster,Biography,Visual spectacle with groundbreaking effects.,2025-04-23,6.1,92
134,1917 7,Movie,Indie,Romance,Heartwarming tale with unforgettable characters.,2020-02-13,7.8,94
135,Oppenheimer,Movie,Blockbuster,Horror,A masterpiece of direction and acting.,2017-01-24,9.5,69
136,The Revenant,Movie,Classic,Romance,A masterpiece of direction and acting.,2013-11-20,9.6,96
137,The Grand Budapest Hotel,Movie,Classic,Sci-Fi,Intense psychological thriller.,2024-01-07,6.3,85
138,No Time to Die,Movie,Bollywood,Drama,Visual spectacle with groundbreaking effects.,2019-08-23,9.0,68
139,No Time to Die 8,Movie,Classic,Comedy,Mind-bending visuals and deep philosophical themes.,2015-05-12,7.9,89
140,Whiplash 8,Movie,Classic,Thriller,Revolutionary storytelling and stunning action.,2023-10-13,7.0,65
141,1917,Movie,Hollywood,"Mystery, Biography",An epic journey through space and time.,2015-04-20,7.7,65
142,The Godfather,Movie,Bollywood,"Mystery, Comedy",An epic journey through space and time.,2019-01-30,7.5,71
143,Jojo Rabbit,Movie,International,Biography,Visual spectacle with groundbreaking effects.,2017-12-28,8.6,69
144,The Grand Budapest Hotel,Movie,Indie,"Crime, Mystery",An epic journey through space and time.,2020-12-10,6.8,82
145,Avengers: Endgame,Movie,Hollywood,"Comedy, Horror",Heartwarming tale with unforgettable characters.,2014-09-16,8.1,75
146,The Batman 8,Movie,Classic,Drama,An epic journey through space and time.,2021-12-10,6.4,96
147,The Godfather,Movie,Hollywood,"Drama, Thriller",An epic journey through space and time.,2015-04-22,6.1,87
148,Mad Max: Fury Road,Movie,Bollywood,"Fantasy, Action",A masterpiece of direction and acting.,2019-11-23,9.3,77
149,The Batman,Movie,Bollywood,Sci-Fi,A gripping story of heroism and sacrifice.,2024-07-30,6.8,71
150,The Irishman,Movie,Blockbuster,"Comedy, Action",Revolutionary storytelling and stunning action.,2013-03-01,7.1,94
151,The Dark Knight,Movie,International,Adventure,Mind-bending visuals and deep philosophical themes.,2013-12-27,6.4,95
152,Mad Max: Fury Road,Movie,Indie,"Thriller, Action",An epic journey through space and time.,2021-03-12,7.4,89
153,Mad Max: Fury Road 1,Movie,Classic,"Action, Action",Intense psychological thriller.,2018-05-07,8.4,74
154,No Time to Die,Movie,Indie,Fantasy,A masterpiece of direction and acting.,2025-07-23,7.8,89
155,Black Panther,Movie,Indie,"Horror, Sci-Fi",Mind-bending visuals and deep philosophical themes.,2022-03-24,6.3,98
156,No Time to Die,Movie,Hollywood,"Horror, Sci-Fi",A masterpiece of direction and acting.,2021-09-09,7.9,69
157,Joker,Movie,International,"Mystery, Adventure",Visual spectacle with groundbreaking effects.,2012-10-07,9.8,92
158,Knives Out,Movie,International,"Romance, Biography",Revolutionary storytelling and stunning action.,2017-03-14,6.7,71
159,Tenet,Movie,Hollywood,Thriller,Heartwarming tale with unforgettable characters.,2018-03-01,6.8,69
160,The Godfather,Movie,International,Romance,Heartwarming tale with unforgettable characters.,2012-10-12,6.8,90
161,Jojo Rabbit,Movie,Classic,Sci-Fi,A gripping story of heroism and sacrifice.,2018-11-01,8.9,78
162,Get Out,Movie,Indie,"Drama, Comedy",Visual spectacle with groundbreaking effects.,2017-03-04,6.7,75
163,The Shawshank Redemption 6,Movie,Hollywood,Thriller,A gripping story of heroism and sacrifice.,2025-04-25,7.1,71
164,Jojo Rabbit 5,Movie,International,"Biography, Sci-Fi",Intense psychological thriller.,2018-08-22,6.5,87
165,The Shawshank Redemption,Movie,Classic,"Adventure, Action",Visual spectacle with groundbreaking effects.,2016-09-04,6.8,98
166,Knives Out,Movie,Classic,"Mystery, Biography",A masterpiece of direction and acting.,2021-08-31,7.0,84
167,Oppenheimer,Movie,Bollywood,Drama,Mind-bending visuals and deep philosophical themes.,2025-12-29,7.0,79
168,Parasite,Movie,Bollywood,Mystery,An epic journey through space and time.,2021-02-02,6.6,76
169,Black Panther,Movie,Bollywood,"Horror, Thriller",Revolutionary storytelling and stunning action.,2018-01-11,8.5,98
170,Barbie,Movie,Hollywood,Crime,A gripping story of heroism and sacrifice.,2019-06-05,6.1,87
171,Black Panther 3,Movie,Bollywood,Action,A gripping story of heroism and sacrifice.,2015-12-15,6.6,71
172,Knives Out,Movie,Hollywood,"Action, Romance",A masterpiece of direction and acting.,2018-01-24,8.9,85
173,Forrest Gump,Movie,Indie,Biography,A gripping story of heroism and sacrifice.,2014-02-26,9.1,87
174,The Batman 4,Movie,International,Crime,Visual spectacle with groundbreaking effects.,2021-04-04,7.4,79
175,The Shawshank Redemption 9,Movie,Classic,Romance,Intense psychological thriller.,2019-10-19,7.1,70
176,The Shawshank Redemption,Movie,International,Action,Visual spectacle with groundbreaking effects.,2022-07-03,8.5,80
177,Tenet,Movie,International,"Fantasy, Sci-Fi",An epic journey through space and time.,2024-07-26,8.6,92
178,The Godfather,Movie,Blockbuster,Sci-Fi,Heartwarming tale with unforgettable characters.,2021-05-20,8.6,96
179,Tenet 1,Movie,Bollywood,Comedy,An epic journey through space and time.,2015-12-16,7.5,78
180,Jojo Rabbit,Movie,Blockbuster,Crime,Revolutionary storytelling and stunning action.,2016-12-10,8.7,76
181,Parasite,Movie,International,Crime,Visual spectacle with groundbreaking effects.,2023-01-29,7.6,71
182,Pulp Fiction 9,Movie,Blockbuster,"Mystery, Romance",A gripping story of heroism and sacrifice.,2025-04-24,6.1,68
183,Pulp Fiction 4,Movie,International,"Mystery, Crime",A masterpiece of direction and acting.,2024-03-18,8.3,82
184,Spider-Man: No Way Home,Movie,Indie,Sci-Fi,A gripping story of heroism and sacrifice.,2023-09-11,7.0,87
185,The Revenant,Movie,Bollywood,Horror,Mind-bending visuals and deep philosophical themes.,2022-03-28,8.3,77
186,Jojo Rabbit 7,Movie,Indie,Fantasy,Visual spectacle with groundbreaking effects.,2023-11-16,6.1,86
187,La La Land,Movie,International,Crime,Revolutionary storytelling and stunning action.,2025-06-26,8.6,78
188,The Dark Knight 1,Movie,Blockbuster,"Mystery, Sci-Fi",Intense psychological thriller.,2025-07-24,6.9,77
189,Get Out,Movie,Indie,Fantasy,Mind-bending visuals and deep philosophical themes.,2013-09-25,8.0,72
190,The Irishman,Movie,Bollywood,Romance,An epic journey through space and time.,2016-12-14,8.2,75
191,Jojo Rabbit,Movie,Blockbuster,Sci-Fi,Heartwarming tale with unforgettable characters.,2017-11-06,6.8,77
192,Inception,Movie,Indie,"Thriller, Comedy",A masterpiece of direction and acting.,2025-06-11,6.8,90
193,Interstellar,Movie,Classic,Romance,An epic journey through space and time.,2022-09-30,7.6,85
194,The Revenant,Movie,Indie,Adventure,Visual spectacle with groundbreaking effects.,2025-02-16,6.9,90
195,The Godfather,Movie,Bollywood,"Romance, Sci-Fi",An epic journey through space and time.,2019-03-15,9.6,69
196,No Time to Die,Movie,International,Action,Visual spectacle with groundbreaking effects.,2023-10-16,8.0,79
197,Tenet,Movie,Bollywood,Romance,A masterpiece of direction and acting.,2015-10-04,9.7,82
198,1917,Movie,Classic,"Mystery, Comedy",Heartwarming tale with unforgettable characters.,2018-09-24,8.2,88
199,Jojo Rabbit,Movie,Indie,Fantasy,A gripping story of heroism and sacrifice.,2025-01-05,9.2,78
200,Avengers: Endgame 4,Movie,Classic,Fantasy,Heartwarming tale with unforgettable characters.,2023-02-10,7.1,87
201,Barbie,Movie,Bollywood,Mystery,A gripping story of heroism and sacrifice.,2021-08-10,9.8,89
202,Pulp Fiction 7,Movie,Classic,Biography,Intense psychological thriller.,2015-06-26,7.4,71
203,La La Land,Movie,Bollywood,"Romance, Mystery",A masterpiece of direction and acting.,2018-08-18,9.7,65
204,Interstellar,Movie,International,Biography,Revolutionary storytelling and stunning action.,2018-05-20,9.4,75
205,The Matrix,Movie,Blockbuster,Thriller,Mind-bending visuals and deep philosophical themes.,2021-02-28,7.8,70
206,The Godfather,Movie,Classic,Horror,Mind-bending visuals and deep philosophical themes.,2021-10-17,7.0,81
207,Barbie,Movie,Bollywood,Comedy,Intense psychological thriller.,2019-12-30,6.0,76
208,Joker,Movie,Bollywood,"Comedy, Action",Heartwarming tale with unforgettable characters.,2016-01-26,8.1,86
209,The Batman,Movie,Hollywood,"Comedy, Biography",Heartwarming tale with unforgettable characters.,2022-03-06,6.1,66
210,Interstellar 9,Movie,Classic,"Drama, Drama",An epic journey through space and time.,2023-03-07,9.0,84
211,The Batman,Movie,Classic,Romance,Intense psychological thriller.,2020-12-23,6.6,91
212,Mad Max: Fury Road,Movie,Hollywood,Thriller,Intense psychological thriller.,2014-07-25,9.1,91
213,The Godfather,Movie,International,"Horror, Fantasy",Heartwarming tale with unforgettable characters.,2022-05-27,8.3,72
214,Pulp Fiction,Movie,Classic,Sci-Fi,Heartwarming tale with unforgettable characters.,2022-06-08,7.7,87
215,The Irishman 1,Movie,Hollywood,Fantasy,Revolutionary storytelling and stunning action.,2018-07-03,6.9,96
216,Oppenheimer,Movie,Bollywood,"Horror, Romance",A gripping story of heroism and sacrifice.,2016-11-29,9.1,95
217,Once Upon a Time in Hollywood,Movie,Bollywood,Biography,Intense psychological thriller.,2024-06-17,8.6,73
218,Parasite,Movie,Indie,Romance,Mind-bending visuals and deep philosophical themes.,2015-11-24,9.0,93
219,Inception,Movie,International,"Biography, Mystery",Visual spectacle with groundbreaking effects.,2020-06-19,9.1,80
220,The Revenant,Movie,Blockbuster,Drama,Revolutionary storytelling and stunning action.,2015-03-16,6.6,78
221,Dune 6,Movie,Classic,Fantasy,Visual spectacle with groundbreaking effects.,2013-05-21,9.3,96
222,Fight Club,Movie,International,"Thriller, Crime",Revolutionary storytelling and stunning action.,2017-06-13,9.0,77
223,Parasite,Movie,Classic,Sci-Fi,Mind-bending visuals and deep philosophical themes.,2021-04-19,7.1,70
224,Joker,Movie,Blockbuster,"Comedy, Drama",An epic journey through space and time.,2021-04-13,6.1,98
225,Inception,Movie,Blockbuster,"Sci-Fi, Drama",Heartwarming tale with unforgettable characters.,2023-08-11,9.6,96
226,Everything Everywhere All at Once,Movie,Classic,"Mystery, Mystery",A gripping story of heroism and sacrifice.,2019-05-23,9.1,66
227,Whiplash,Movie,Bollywood,"Thriller, Drama",Mind-bending visuals and deep philosophical themes.,2017-07-24,7.3,88
228,The Shawshank Redemption 5,Movie,International,"Comedy, Biography",Mind-bending visuals and deep philosophical themes.,2024-01-06,9.1,69
229,The Dark Knight,Movie,Hollywood,Mystery,A masterpiece of direction and acting.,2021-07-22,6.6,93
230,The Dark Knight 3,Movie,Hollywood,"Mystery, Horror",A masterpiece of direction and acting.,2017-10-26,7.2,99
231,Tenet,Movie,Blockbuster,"Comedy, Drama",Visual spectacle with groundbreaking effects.,2022-11-02,6.4,77
232,Pulp Fiction,Movie,International,"Sci-Fi, Comedy",An epic journey through space and time.,2020-09-30,7.7,71
233,Pulp Fiction,Movie,Classic,Crime,Revolutionary storytelling and stunning action.,2018-05-13,8.5,92
234,Dune 2,Movie,International,Adventure,An epic journey through space and time.,2022-01-28,6.8,86
235,Jojo Rabbit,Movie,Indie,Biography,Visual spectacle with groundbreaking effects.,2015-06-21,7.6,77
236,Interstellar 7,Movie,International,Comedy,Intense psychological thriller.,2024-05-09,6.9,86
237,The Grand Budapest Hotel,Movie,Blockbuster,Action,Heartwarming tale with unforgettable characters.,2014-07-04,6.8,93
238,Parasite,Movie,Classic,Comedy,A gripping story of heroism and sacrifice.,2022-04-24,9.7,80
239,Spider-Man: No Way Home,Movie,Bollywood,Biography,A masterpiece of direction and acting.,2019-05-21,8.8,90
240,Spider-Man: No Way Home,Movie,Blockbuster,Horror,Intense psychological thriller.,2020-02-19,8.0,92
241,Joker 2,Movie,International,Fantasy,Mind-bending visuals and deep philosophical themes.,2019-12-18,7.8,73
242,Parasite,Movie,Indie,Biography,Visual spectacle with groundbreaking effects.,2015-06-07,6.9,73
243,Tenet,Movie,Classic,"Romance, Drama",A masterpiece of direction and acting.,2023-01-13,7.3,85
244,Spider-Man: No Way Home 2,Movie,International,"Mystery, Mystery",A gripping story of heroism and sacrifice.,2022-03-05,7.0,88
245,No Time to Die 9,Movie,Hollywood,"Adventure, Action",A gripping story of heroism and sacrifice.,2020-07-08,7.1,77
246,Fight Club,Movie,International,"Drama, Thriller",Intense psychological thriller.,2021-09-24,8.6,92
247,The Batman 1,Movie,Indie,"Crime, Comedy",A masterpiece of direction and acting.,2025-04-18,7.0,71
248,Spider-Man: No Way Home,Movie,Classic,Comedy,A gripping story of heroism and sacrifice.,2014-07-22,6.8,83
249,Once Upon a Time in Hollywood,Movie,Classic,"Comedy, Biography",A masterpiece of direction and acting.,2025-09-12,6.4,71
250,Forrest Gump,Movie,Indie,"Crime, Thriller",Revolutionary storytelling and stunning action.,2024-10-27,6.5,74
251,Oppenheimer,Movie,Blockbuster,"Action, Comedy",A gripping story of heroism and sacrifice.,2019-12-09,6.1,73
252,The Shawshank Redemption,Movie,Indie,Comedy,Mind-bending visuals and deep philosophical themes.,2013-03-03,7.5,68
253,Parasite 5,Movie,Hollywood,"Sci-Fi, Crime",Heartwarming tale with unforgettable characters.,2023-06-05,8.7,94
254,Dune,Movie,Classic,Crime,An epic journey through space and time.,2017-12-03,8.1,94
255,Fight Club,Movie,Hollywood,Thriller,Visual spectacle with groundbreaking effects.,2017-10-01,7.7,67
256,Once Upon a Time in Hollywood 6,Movie,Bollywood,"Crime, Fantasy",Mind-bending visuals and deep philosophical themes.,2025-08-01,7.2,83
257,Spider-Man: No Way Home 5,Movie,Hollywood,"Thriller, Action",Intense psychological thriller.,2017-09-04,9.5,67
258,Tenet,Movie,Hollywood,"Crime, Horror",Visual spectacle with groundbreaking effects.,2013-08-24,6.6,71
259,Fight Club,Movie,International,Crime,A gripping story of heroism and sacrifice.,2014-12-29,6.5,68
260,Jojo Rabbit,Movie,International,Adventure,Visual spectacle with groundbreaking effects.,2025-09-23,6.2,95
261,Knives Out,Movie,Bollywood,Mystery,Revolutionary storytelling and stunning action.,2025-02-01,7.6,65
262,The Irishman,Movie,Blockbuster,"Comedy, Thriller",A masterpiece of direction and acting.,2024-02-21,7.4,98
263,The Dark Knight 1,Movie,Hollywood,Action,Intense psychological thriller.,2024-10-31,7.0,86
264,La La Land,Movie,Bollywood,Crime,Visual spectacle with groundbreaking effects.,2014-12-31,7.1,72
265,Avengers: Endgame 4,Movie,Hollywood,Mystery,A gripping story of heroism and sacrifice.,2016-06-03,8.8,97
266,Inception 6,Movie,Blockbuster,Horror,Mind-bending visuals and deep philosophical themes.,2016-10-14,9.3,84
267,The Irishman,Movie,Bollywood,Horror,Revolutionary storytelling and stunning action.,2021-11-15,8.7,71
268,The Grand Budapest Hotel,Movie,Blockbuster,"Sci-Fi, Biography",Heartwarming tale with unforgettable characters.,2016-06-01,6.6,68
269,Fight Club,Movie,Blockbuster,Action,Revolutionary storytelling and stunning action.,2015-05-27,7.1,70
270,1917,Movie,Bollywood,Mystery,A masterpiece of direction and acting.,2015-06-16,8.5,72
271,Knives Out,Movie,Classic,Fantasy,An epic journey through space and time.,2014-12-06,9.8,91
272,The Shawshank Redemption 2,Movie,Indie,"Crime, Thriller",Visual spectacle with groundbreaking effects.,2019-07-14,7.9,80
273,Tenet 6,Movie,Classic,Adventure,Heartwarming tale with unforgettable characters.,2012-11-14,9.0,94
274,Joker,Movie,Blockbuster,"Sci-Fi, Comedy",Heartwarming tale with unforgettable characters.,2020-12-18,7.7,81
275,Top Gun: Maverick,Movie,International,Biography,Mind-bending visuals and deep philosophical themes.,2022-07-25,9.5,75
276,No Time to Die,Movie,Hollywood,"Fantasy, Drama",A gripping story of heroism and sacrifice.,2025-04-04,6.7,87
277,La La Land,Movie,Classic,"Thriller, Drama",Intense psychological thriller.,2017-09-09,7.0,93
278,The Matrix,Movie,Classic,"Romance, Biography",Visual spectacle with groundbreaking effects.,2017-02-26,7.7,75
279,No Time to Die,Movie,International,Action,Revolutionary storytelling and stunning action.,2021-01-29,6.9,97
280,Forrest Gump,Movie,Bollywood,Adventure,Revolutionary storytelling and stunning action.,2016-12-30,8.6,76
281,The Shawshank Redemption,Movie,International,Adventure,Visual spectacle with groundbreaking effects.,2025-09-19,6.1,79
282,Dune,Movie,Indie,Thriller,Intense psychological thriller.,2019-10-13,7.2,87
283,Mad Max: Fury Road,Movie,Bollywood,"Mystery, Biography",Intense psychological thriller.,2019-02-24,6.2,99
284,The Irishman,Movie,Bollywood,Romance,Mind-bending visuals and deep philosophical themes.,2015-09-28,6.1,99
285,Whiplash,Movie,International,"Comedy, Mystery",A masterpiece of direction and acting.,2025-04-06,6.9,67
286,The Matrix,Movie,Bollywood,"Drama, Horror",Visual spectacle with groundbreaking effects.,2018-06-02,6.6,86
287,Joker,Movie,Bollywood,Fantasy,Revolutionary storytelling and stunning action.,2014-08-25,7.4,90
288,Tenet,Movie,Blockbuster,"Thriller, Fantasy",An epic journey through space and time.,2021-09-25,8.0,84
289,Barbie,Movie,Classic,"Action, Adventure",Mind-bending visuals and deep philosophical themes.,2020-05-21,8.3,98
290,Inception,Movie,International,Action,Mind-bending visuals and deep philosophical themes.,2019-05-20,9.8,90
291,The Batman,Movie,International,"Romance, Romance",Mind-bending visuals and deep philosophical themes.,2015-12-11,6.3,91
292,Once Upon a Time in Hollywood,Movie,Bollywood,Sci-Fi,Revolutionary storytelling and stunning action.,2024-06-10,6.8,80
293,The Shawshank Redemption 3,Movie,Hollywood,"Mystery, Fantasy",Visual spectacle with groundbreaking effects.,2023-09-28,9.4,81
294,Knives Out,Movie,Hollywood,"Action, Comedy",Revolutionary storytelling and stunning action.,2015-04-14,8.5,88
295,Once Upon a Time in Hollywood 8,Movie,Blockbuster,Thriller,An epic journey through space and time.,2013-04-06,6.4,81
296,The Grand Budapest Hotel,Movie,Indie,"Horror, Romance",Visual spectacle with groundbreaking effects.,2014-03-19,8.1,67
297,Whiplash,Movie,Blockbuster,"Romance, Drama",Revolutionary storytelling and stunning action.,2025-07-13,9.5,99
298,Fight Club 6,Movie,Blockbuster,Sci-Fi,A masterpiece of direction and acting.,2015-02-27,7.2,75
299,Joker,Movie,Hollywood,"Action, Sci-Fi",Mind-bending visuals and deep philosophical themes.,2016-12-29,9.7,67
300,Tenet 7,Movie,International,Sci-Fi,An epic journey through space and time.,2017-10-31,9.5,92
301,1917 8,Movie,Classic,Comedy,Mind-bending visuals and deep philosophical themes.,2025-12-15,6.9,76
302,The Grand Budapest Hotel 2,Movie,Indie,"Biography, Comedy",Heartwarming tale with unforgettable characters.,2018-11-27,9.0,66
303,The Matrix 5,Movie,Blockbuster,"Crime, Horror",Mind-bending visuals and deep philosophical themes.,2025-10-29,7.8,73
304,Joker,Movie,Classic,"Crime, Biography",A gripping story of heroism and sacrifice.,2016-12-26,7.5,87
305,Forrest Gump,Movie,Hollywood,Biography,Revolutionary storytelling and stunning action.,2024-11-29,9.1,77
306,Fight Club,Movie,Blockbuster,Mystery,Heartwarming tale with unforgettable characters.,2020-08-21,6.3,65
307,Forrest Gump,Movie,International,"Action, Mystery",A masterpiece of direction and acting.,2023-08-30,9.7,76
308,The Dark Knight,Movie,Hollywood,Action,A masterpiece of direction and acting.,2015-12-19,8.8,96
309,Once Upon a Time in Hollywood,Movie,International,"Crime, Adventure",A masterpiece of direction and acting.,2016-09-16,9.7,75
310,The Dark Knight 3,Movie,Bollywood,Drama,An epic journey through space and time.,2022-06-25,7.8,87
311,The Shawshank Redemption,Movie,Classic,Horror,Mind-bending visuals and deep philosophical themes.,2012-10-06,6.4,72
312,Whiplash,Movie,Classic,"Action, Adventure",Visual spectacle with groundbreaking effects.,2013-07-16,9.6,80
313,The Godfather,Movie,Classic,Biography,Visual spectacle with groundbreaking effects.,2013-04-26,8.0,93
314,Once Upon a Time in Hollywood,Movie,Bollywood,Horror,Heartwarming tale with unforgettable characters.,2026-01-16,6.6,87
315,The Matrix,Movie,International,"Action, Thriller",Heartwarming tale with unforgettable characters.,2018-05-20,6.2,99
316,Whiplash,Movie,Blockbuster,"Biography, Drama",Visual spectacle with groundbreaking effects.,2020-10-13,6.7,74
317,Top Gun: Maverick,Movie,Hollywood,"Drama, Romance",Revolutionary storytelling and stunning action.,2023-10-13,8.0,94
318,Joker,Movie,Hollywood,"Drama, Biography",A masterpiece of direction and acting.,2013-01-11,8.7,93
319,Spider-Man: No Way Home,Movie,Hollywood,Drama,A masterpiece of direction and acting.,2023-07-16,9.3,72
320,Parasite,Movie,Bollywood,"Drama, Comedy",Visual spectacle with groundbreaking effects.,2017-11-22,8.8,81
321,The Batman 4,Movie,Indie,"Sci-Fi, Adventure",Intense psychological thriller.,2024-07-15,9.8,91
322,The Irishman,Movie,International,"Sci-Fi, Romance",Mind-bending visuals and deep philosophical themes.,2017-07-03,9.7,83
323,The Dark Knight,Movie,Indie,"Adventure, Crime",Heartwarming tale with unforgettable characters.,2013-09-05,7.4,69
324,The Grand Budapest Hotel 3,Movie,Blockbuster,Mystery,Intense psychological thriller.,2024-02-25,6.5,79
325,Interstellar,Movie,Hollywood,Crime,Heartwarming tale with unforgettable characters.,2022-05-31,9.7,81
326,Avengers: Endgame,Movie,International,Sci-Fi,Heartwarming tale with unforgettable characters.,2025-10-03,6.7,72
327,The Shawshank Redemption 4,Movie,Blockbuster,Romance,Mind-bending visuals and deep philosophical themes.,2021-04-29,6.3,70
328,Fight Club,Movie,Bollywood,"Romance, Romance",A gripping story of heroism and sacrifice.,2012-10-17,9.0,84
329,Dune 4,Movie,Hollywood,"Fantasy, Action",Intense psychological thriller.,2023-05-29,9.1,79
330,Knives Out 1,Movie,Bollywood,Thriller,A masterpiece of direction and acting.,2024-02-25,9.1,75
331,Forrest Gump,Movie,Hollywood,"Drama, Mystery",Visual spectacle with groundbreaking effects.,2023-04-15,8.9,78
332,Knives Out,Movie,International,Horror,Mind-bending visuals and deep philosophical themes.,2021-01-25,7.8,90
333,Get Out,Movie,Indie,Action,Intense psychological thriller.,2020-06-17,7.2,92
334,Spider-Man: No Way Home 8,Movie,International,Mystery,Heartwarming tale with unforgettable characters.,2013-11-30,6.7,78
335,The Grand Budapest Hotel 9,Movie,Indie,"Comedy, Romance",Visual spectacle with groundbreaking effects.,2015-02-01,6.5,66
336,Parasite 6,Movie,Hollywood,Sci-Fi,Revolutionary storytelling and stunning action.,2018-03-04,6.4,79
337,Fight Club 2,Movie,Classic,Fantasy,Intense psychological thriller.,2022-05-31,8.6,87
338,Knives Out,Movie,Indie,"Adventure, Fantasy",An epic journey through space and time.,2025-05-03,6.4,77
339,Inception,Movie,International,Fantasy,A masterpiece of direction and acting.,2016-04-21,7.6,67
340,The Batman,Movie,Blockbuster,Horror,Heartwarming tale with unforgettable characters.,2018-11-24,6.3,80
341,Everything Everywhere All at Once,Movie,Blockbuster,Adventure,Mind-bending visuals and deep philosophical themes.,2023-05-31,6.9,71
342,The Dark Knight,Movie,Classic,"Thriller, Fantasy",A masterpiece of direction and acting.,2023-05-30,6.9,95
343,1917 3,Movie,Hollywood,Drama,A gripping story of heroism and sacrifice.,2023-08-19,8.7,78
344,Get Out,Movie,Hollywood,"Crime, Crime",Visual spectacle with groundbreaking effects.,2020-05-03,7.7,81
345,Once Upon a Time in Hollywood,Movie,Blockbuster,Fantasy,A masterpiece of direction and acting.,2019-01-11,7.4,94
346,Top Gun: Maverick,Movie,International,"Thriller, Horror",Mind-bending visuals and deep philosophical themes.,2017-08-19,7.8,65
347,Mad Max: Fury Road,Movie,Hollywood,Fantasy,A masterpiece of direction and acting.,2021-01-24,9.5,77
348,Inception 4,Movie,Bollywood,"Biography, Adventure",Heartwarming tale with unforgettable characters.,2012-11-24,8.5,72
349,Inception 5,Movie,Hollywood,Horror,A masterpiece of direction and acting.,2013-10-22,8.0,72
350,Forrest Gump 8,Movie,International,"Thriller, Romance",An epic journey through space and time.,2020-10-28,9.3,65
351,Barbie,Movie,Blockbuster,Fantasy,A masterpiece of direction and acting.,2013-04-05,8.1,81
352,Oppenheimer,Movie,International,Thriller,Intense psychological thriller.,2013-05-17,6.0,86
353,Top Gun: Maverick,Movie,International,Comedy,An epic journey through space and time.,2022-03-23,9.3,90
354,The Irishman,Movie,Blockbuster,Crime,Visual spectacle with groundbreaking effects.,2016-06-05,7.2,68
355,Avengers: Endgame,Movie,Classic,"Mystery, Thriller",A gripping story of heroism and sacrifice.,2022-05-31,9.3,65
356,Knives Out,Movie,Blockbuster,"Comedy, Drama",A masterpiece of direction and acting.,2017-08-28,9.7,81
357,The Grand Budapest Hotel,Movie,Classic,Drama,Intense psychological thriller.,2015-11-23,8.7,90
358,The Dark Knight,Movie,Classic,Biography,Mind-bending visuals and deep philosophical themes.,2023-02-21,8.3,80
359,Oppenheimer 3,Movie,Hollywood,Drama,Revolutionary storytelling and stunning action.,2020-04-01,6.1,92
360,Tenet,Movie,Blockbuster,"Fantasy, Biography",Revolutionary storytelling and stunning action.,2014-10-23,7.3,70
361,Parasite 6,Movie,Bollywood,Comedy,A masterpiece of direction and acting.,2016-10-25,8.0,66
362,The Matrix,Movie,Classic,"Action, Thriller",Intense psychological thriller.,2015-02-25,7.4,76
363,Jojo Rabbit 1,Movie,Classic,Crime,Revolutionary storytelling and stunning action.,2023-12-12,7.0,84
364,The Batman,Movie,Hollywood,"Mystery, Comedy",A masterpiece of direction and acting.,2013-11-24,8.6,66
365,Dune 4,Movie,Classic,Crime,A gripping story of heroism and sacrifice.,2023-02-24,8.7,74
366,Barbie,Movie,Bollywood,Horror,Revolutionary storytelling and stunning action.,2017-09-19,7.2,83
367,Parasite,Movie,Bollywood,"Action, Biography",An epic journey through space and time.,2019-05-02,6.3,75
368,Interstellar 3,Movie,Hollywood,"Adventure, Drama",Mind-bending visuals and deep philosophical themes.,2024-12-24,7.5,66
369,The Grand Budapest Hotel,Movie,Indie,Biography,An epic journey through space and time.,2013-08-29,6.4,68
370,Get Out,Movie,Classic,Adventure,A gripping story of heroism and sacrifice.,2022-02-16,9.3,89
371,Black Panther 8,Movie,Bollywood,Mystery,A masterpiece of direction and acting.,2021-02-23,9.5,98
372,Oppenheimer,Movie,Blockbuster,Action,A masterpiece of direction and acting.,2026-02-08,7.0,66
373,Jojo Rabbit,Movie,Blockbuster,"Mystery, Biography",Intense psychological thriller.,2020-01-17,9.5,88
374,Barbie,Movie,Blockbuster,Thriller,Revolutionary storytelling and stunning action.,2025-08-11,7.6,79
375,Inception 3,Movie,International,Romance,An epic journey through space and time.,2018-09-03,9.6,93
376,Inception,Movie,Classic,"Comedy, Fantasy",A masterpiece of direction and acting.,2016-10-27,6.5,79
377,Everything Everywhere All at Once 7,Movie,Bollywood,"Biography, Romance",An epic journey through space and time.,2019-07-21,8.4,82
378,Mad Max: Fury Road 3,Movie,Blockbuster,Thriller,Mind-bending visuals and deep philosophical themes.,2021-11-14,9.5,89
379,Top Gun: Maverick 2,Movie,Hollywood,Fantasy,Visual spectacle with groundbreaking effects.,2014-04-03,8.3,67
380,The Shawshank Redemption,Movie,Classic,Mystery,Visual spectacle with groundbreaking effects.,2015-11-02,6.8,92
381,Oppenheimer,Movie,International,Mystery,A masterpiece of direction and acting.,2018-06-13,7.9,96
382,Everything Everywhere All at Once,Movie,Classic,Horror,Revolutionary storytelling and stunning action.,2022-11-01,7.5,70
383,The Matrix 1,Movie,Hollywood,Romance,Intense psychological thriller.,2013-03-03,6.3,94
384,Once Upon a Time in Hollywood 6,Movie,International,Fantasy,Revolutionary storytelling and stunning action.,2016-06-26,6.3,88
385,Tenet,Movie,Blockbuster,Romance,Visual spectacle with groundbreaking effects.,2018-05-09,8.9,99
386,Black Panther,Movie,International,Horror,Intense psychological thriller.,2012-11-23,7.2,67
387,Whiplash 1,Movie,Blockbuster,"Comedy, Fantasy",A masterpiece of direction and acting.,2025-07-16,7.9,86
388,The Matrix 8,Movie,Blockbuster,Drama,Intense psychological thriller.,2017-12-09,9.0,86
389,La La Land 4,Movie,Blockbuster,Comedy,A gripping story of heroism and sacrifice.,2020-03-09,6.6,90
390,The Matrix 7,Movie,International,Crime,A gripping story of heroism and sacrifice.,2017-08-16,7.1,87
391,Barbie,Movie,International,"Mystery, Action",Heartwarming tale with unforgettable characters.,2014-01-07,7.5,86
392,The Batman 3,Movie,Bollywood,Action,Visual spectacle with groundbreaking effects.,2013-04-06,8.9,98
393,Oppenheimer,Movie,Hollywood,"Mystery, Action",Visual spectacle with groundbreaking effects.,2019-08-05,7.4,91
394,Pulp Fiction 8,Movie,Bollywood,"Crime, Horror",Visual spectacle with groundbreaking effects.,2021-10-21,7.3,97
395,Knives Out,Movie,International,Crime,Revolutionary storytelling and stunning action.,2023-08-27,8.4,98
396,Joker,Movie,Blockbuster,"Thriller, Action",Heartwarming tale with unforgettable characters.,2023-12-12,9.5,96
397,The Matrix 2,Movie,Classic,"Romance, Romance",Heartwarming tale with unforgettable characters.,2014-09-12,8.5,65
398,Forrest Gump,Movie,Indie,"Mystery, Adventure",A gripping story of heroism and sacrifice.,2020-12-17,7.1,93
399,Inception 2,Movie,Hollywood,"Horror, Comedy",Heartwarming tale with unforgettable characters.,2018-01-28,6.5,82
400,Inception,Movie,International,"Comedy, Adventure",A gripping story of heroism and sacrifice.,2025-04-28,7.5,88
401,Joker,Movie,Indie,"Adventure, Fantasy",Intense psychological thriller.,2020-01-06,6.1,73
402,Parasite 2,Movie,Blockbuster,"Thriller, Biography",Heartwarming tale with unforgettable characters.,2023-08-01,6.5,92
403,The Dark Knight,Movie,International,Romance,A masterpiece of direction and acting.,2015-12-02,6.6,72
404,The Revenant,Movie,Bollywood,Sci-Fi,A masterpiece of direction and acting.,2024-01-03,7.5,78
405,Once Upon a Time in Hollywood,Movie,Classic,"Crime, Drama",A gripping story of heroism and sacrifice.,2014-05-05,7.1,72
406,Once Upon a Time in Hollywood,Movie,Classic,Comedy,Intense psychological thriller.,2020-06-10,6.4,95
407,Once Upon a Time in Hollywood,Movie,Indie,Comedy,A masterpiece of direction and acting.,2020-08-27,9.3,67
408,The Irishman,Movie,Blockbuster,"Horror, Romance",Intense psychological thriller.,2020-10-29,7.7,65
409,Oppenheimer,Movie,International,"Romance, Romance",Revolutionary storytelling and stunning action.,2017-04-21,8.3,81
410,Get Out 6,Movie,Bollywood,"Mystery, Action",Visual spectacle with groundbreaking effects.,2021-01-14,8.0,87
411,The Revenant,Movie,International,"Fantasy, Romance",Visual spectacle with groundbreaking effects.,2023-06-15,7.5,93
412,Once Upon a Time in Hollywood,Movie,Classic,Sci-Fi,Revolutionary storytelling and stunning action.,2017-03-14,8.4,67
413,No Time to Die,Movie,International,"Drama, Horror",Intense psychological thriller.,2018-09-14,8.0,84
414,Tenet,Movie,Hollywood,"Mystery, Crime",A gripping story of heroism and sacrifice.,2023-02-05,6.1,95
415,Parasite 3,Movie,Blockbuster,Comedy,Visual spectacle with groundbreaking effects.,2012-11-30,7.1,86
416,Once Upon a Time in Hollywood 9,Movie,Classic,Mystery,A masterpiece of direction and acting.,2017-05-23,9.7,66
417,Everything Everywhere All at Once,Movie,Indie,"Fantasy, Adventure",Heartwarming tale with unforgettable characters.,2022-03-21,9.5,83
418,The Grand Budapest Hotel,Movie,Classic,Mystery,An epic journey through space and time.,2012-11-13,6.2,77
419,Oppenheimer,Movie,Hollywood,Thriller,An epic journey through space and time.,2015-05-13,9.2,72
420,La La Land 5,Movie,Indie,Drama,Intense psychological thriller.,2015-01-31,8.6,72
421,Joker 3,Movie,Bollywood,Action,Revolutionary storytelling and stunning action.,2016-04-01,8.0,79
422,No Time to Die 1,Movie,Hollywood,Thriller,A masterpiece of direction and acting.,2024-12-19,9.8,75
423,Avengers: Endgame,Movie,Indie,Fantasy,An epic journey through space and time.,2017-09-29,6.9,66
424,The Dark Knight,Movie,Indie,"Horror, Fantasy",Heartwarming tale with unforgettable characters.,2017-09-30,8.2,82
425,The Irishman,Movie,Blockbuster,Thriller,Mind-bending visuals and deep philosophical themes.,2024-06-27,7.9,91
426,The Matrix,Movie,Bollywood,"Adventure, Action",An epic journey through space and time.,2020-03-18,7.8,91
427,Interstellar,Movie,Bollywood,"Biography, Mystery",Revolutionary storytelling and stunning action.,2021-07-20,7.0,72
428,The Grand Budapest Hotel,Movie,Classic,Horror,Visual spectacle with groundbreaking effects.,2013-12-04,7.1,85
429,Fight Club,Movie,Indie,Adventure,Visual spectacle with groundbreaking effects.,2025-06-13,8.5,99
430,The Dark Knight,Movie,Classic,"Action, Comedy",A masterpiece of direction and acting.,2016-03-09,8.1,78
431,Tenet,Movie,Bollywood,Comedy,Intense psychological thriller.,2025-12-30,7.0,92
432,The Grand Budapest Hotel,Movie,International,Biography,Revolutionary storytelling and stunning action.,2024-03-30,6.4,67
433,The Batman,Movie,International,Romance,A masterpiece of direction and acting.,2020-10-31,7.4,96
434,No Time to Die,Movie,Classic,Drama,Visual spectacle with groundbreaking effects.,2020-04-12,8.5,99
435,Everything Everywhere All at Once 9,Movie,Indie,Drama,Visual spectacle with groundbreaking effects.,2019-07-02,8.0,83
436,Parasite,Movie,Indie,Comedy,A masterpiece of direction and acting.,2018-06-28,6.3,98
437,Oppenheimer,Movie,Bollywood,"Mystery, Mystery",Mind-bending visuals and deep philosophical themes.,2021-05-11,8.0,94
438,No Time to Die 3,Movie,Bollywood,Romance,Intense psychological thriller.,2015-09-04,7.2,89
439,The Godfather,Movie,Blockbuster,"Drama, Thriller",Visual spectacle with groundbreaking effects.,2020-10-23,9.7,67
440,Get Out,Movie,Blockbuster,"Adventure, Horror",Intense psychological thriller.,2014-09-05,7.7,71
441,No Time to Die,Movie,Classic,"Romance, Adventure",A masterpiece of direction and acting.,2017-04-17,9.1,89
442,The Irishman 9,Movie,International,Comedy,Mind-bending visuals and deep philosophical themes.,2016-02-16,6.3,92
443,Fight Club 7,Movie,International,Comedy,Heartwarming tale with unforgettable characters.,2020-11-06,8.5,94
444,Parasite,Movie,Classic,Drama,Intense psychological thriller.,2017-06-03,9.7,98
445,The Revenant 1,Movie,Hollywood,Romance,Revolutionary storytelling and stunning action.,2015-07-06,8.2,78
446,Joker 8,Movie,Bollywood,Mystery,A masterpiece of direction and acting.,2018-07-30,6.6,88
447,No Time to Die,Movie,International,"Mystery, Mystery",Visual spectacle with groundbreaking effects.,2023-12-15,8.1,68
448,Once Upon a Time in Hollywood,Movie,Bollywood,"Horror, Sci-Fi",Revolutionary storytelling and stunning action.,2020-09-28,9.2,99
449,Black Panther,Movie,Classic,Crime,Heartwarming tale with unforgettable characters.,2020-03-24,7.8,84
450,Knives Out,Movie,Indie,"Fantasy, Adventure",Intense psychological thriller.,2017-07-01,8.5,93
451,The Matrix,Movie,International,"Fantasy, Fantasy",A masterpiece of direction and acting.,2024-01-09,8.4,83
452,Interstellar,Movie,Hollywood,Crime,Revolutionary storytelling and stunning action.,2023-04-29,9.7,94
453,Barbie,Movie,Bollywood,"Horror, Adventure",A gripping story of heroism and sacrifice.,2018-11-29,6.8,96
454,Tenet 1,Movie,Indie,"Fantasy, Adventure",Heartwarming tale with unforgettable characters.,2018-02-17,7.0,89
455,La La Land,Movie,Classic,Drama,Visual spectacle with groundbreaking effects.,2018-08-02,7.0,75
456,Get Out,Movie,Hollywood,"Horror, Sci-Fi",Heartwarming tale with unforgettable characters.,2015-06-05,6.8,68
457,The Shawshank Redemption,Movie,Blockbuster,"Crime, Drama",Revolutionary storytelling and stunning action.,2025-12-31,7.3,87
458,The Godfather 3,Movie,Hollywood,"Mystery, Drama",Intense psychological thriller.,2015-07-30,8.4,66
459,Get Out,Movie,Bollywood,Biography,An epic journey through space and time.,2017-02-21,8.7,72
460,Top Gun: Maverick,Movie,Classic,"Biography, Horror",Heartwarming tale with unforgettable characters.,2022-08-17,6.3,82
461,Whiplash,Movie,Indie,Adventure,Mind-bending visuals and deep philosophical themes.,2019-01-05,8.7,86
462,Everything Everywhere All at Once,Movie,Indie,"Biography, Fantasy",An epic journey through space and time.,2022-04-27,9.0,73
463,Joker,Movie,International,Sci-Fi,A gripping story of heroism and sacrifice.,2012-10-14,6.8,67
464,Get Out 9,Movie,Hollywood,Mystery,Intense psychological thriller.,2022-11-01,6.4,92
465,The Irishman 8,Movie,Blockbuster,"Comedy, Crime",An epic journey through space and time.,2025-02-21,9.3,96
466,The Grand Budapest Hotel 5,Movie,Indie,Comedy,Heartwarming tale with unforgettable characters.,2015-04-29,6.3,69
467,Forrest Gump,Movie,Bollywood,Comedy,Revolutionary storytelling and stunning action.,2023-10-28,9.6,94
468,The Shawshank Redemption,Movie,Hollywood,"Fantasy, Mystery",Revolutionary storytelling and stunning action.,2017-07-27,8.8,90
469,1917 4,Movie,Bollywood,Comedy,Revolutionary storytelling and stunning action.,2025-10-21,7.9,68
470,Dune,Movie,Bollywood,"Crime, Sci-Fi",Revolutionary storytelling and stunning action.,2014-02-03,6.1,83
471,Spider-Man: No Way Home,Movie,International,Crime,A gripping story of heroism and sacrifice.,2020-08-02,6.0,70
472,The Shawshank Redemption 8,Movie,Bollywood,Romance,Mind-bending visuals and deep philosophical themes.,2020-04-04,7.3,98
473,Parasite,Movie,Indie,"Sci-Fi, Drama",An epic journey through space and time.,2013-11-10,7.8,72
474,The Dark Knight,Movie,International,Sci-Fi,A masterpiece of direction and acting.,2025-09-30,9.3,85
475,Everything Everywhere All at Once 3,Movie,Hollywood,"Crime, Thriller",Visual spectacle with groundbreaking effects.,2012-12-05,7.0,71
476,The Irishman,Movie,Classic,Horror,Heartwarming tale with unforgettable characters.,2017-05-05,7.2,72
477,Everything Everywhere All at Once,Movie,Hollywood,"Mystery, Biography",Mind-bending visuals and deep philosophical themes.,2019-08-06,7.7,86
478,Forrest Gump 1,Movie,Bollywood,Crime,Visual spectacle with groundbreaking effects.,2012-10-28,6.5,72
479,Jojo Rabbit,Movie,Blockbuster,Horror,A gripping story of heroism and sacrifice.,2018-03-16,7.3,97
480,Avengers: Endgame 3,Movie,International,Thriller,Revolutionary storytelling and stunning action.,2020-07-29,6.9,86
481,The Grand Budapest Hotel,Movie,Blockbuster,Action,Visual spectacle with groundbreaking effects.,2025-01-24,6.3,86
482,Avengers: Endgame 3,Movie,Hollywood,Fantasy,Visual spectacle with groundbreaking effects.,2018-09-23,6.5,67
483,1917,Movie,Bollywood,Crime,Intense psychological thriller.,2017-08-17,8.8,83
484,Spider-Man: No Way Home,Movie,Blockbuster,Sci-Fi,Visual spectacle with groundbreaking effects.,2017-12-22,7.8,78
485,Forrest Gump 5,Movie,Hollywood,"Fantasy, Comedy",Mind-bending visuals and deep philosophical themes.,2021-02-15,6.0,83
486,Mad Max: Fury Road 1,Movie,International,"Biography, Drama",A gripping story of heroism and sacrifice.,2021-12-13,9.3,89
487,Forrest Gump 5,Movie,Classic,Thriller,Revolutionary storytelling and stunning action.,2022-08-01,8.1,71
488,Inception,Movie,Indie,Horror,Revolutionary storytelling and stunning action.,2021-04-05,8.4,65
489,Knives Out 8,Movie,International,Adventure,A masterpiece of direction and acting.,2016-04-26,8.0,94
490,Once Upon a Time in Hollywood,Movie,Blockbuster,Biography,Mind-bending visuals and deep philosophical themes.,2023-07-20,6.5,72
491,Whiplash 6,Movie,Blockbuster,"Fantasy, Adventure",Mind-bending visuals and deep philosophical themes.,2020-05-30,6.1,87
492,1917,Movie,International,Fantasy,A gripping story of heroism and sacrifice.,2020-01-27,8.2,83
493,Black Panther,Movie,Indie,"Mystery, Sci-Fi",Visual spectacle with groundbreaking effects.,2016-12-28,8.0,72
494,Tenet 2,Movie,Bollywood,Comedy,Heartwarming tale with unforgettable characters.,2021-02-10,8.7,96
495,The Dark Knight,Movie,International,"Biography, Comedy",Revolutionary storytelling and stunning action.,2019-07-14,7.9,87
496,La La Land 5,Movie,Hollywood,Fantasy,Mind-bending visuals and deep philosophical themes.,2021-02-01,7.5,79
497,Tenet 7,Movie,International,"Crime, Biography",Heartwarming tale with unforgettable characters.,2012-09-21,6.9,73
498,Get Out 9,Movie,Indie,"Thriller, Romance",Visual spectacle with groundbreaking effects.,2014-12-27,8.5,70
499,Mad Max: Fury Road,Movie,Blockbuster,Drama,A gripping story of heroism and sacrifice.,2015-08-22,6.7,97
500,Interstellar,Movie,Blockbuster,Drama,A masterpiece of direction and acting.,2022-02-17,9.1,76
501,Fight Club,Movie,Hollywood,Adventure,Mind-bending visuals and deep philosophical themes.,2014-07-13,7.8,87
502,The Grand Budapest Hotel,Movie,Hollywood,Mystery,Heartwarming tale with unforgettable characters.,2015-12-04,8.7,82
503,The Irishman 8,Movie,Bollywood,"Biography, Crime",Intense psychological thriller.,2018-05-14,9.8,99
504,Inception,Movie,International,"Adventure, Romance",A gripping story of heroism and sacrifice.,2025-05-18,6.8,99
505,Whiplash,Movie,Hollywood,Biography,Mind-bending visuals and deep philosophical themes.,2023-06-04,7.2,89
506,1917,Movie,Blockbuster,Comedy,A masterpiece of direction and acting.,2014-12-01,6.6,76
507,Barbie,Movie,Hollywood,Fantasy,Mind-bending visuals and deep philosophical themes.,2014-01-31,7.8,70
508,The Irishman,Movie,Hollywood,"Thriller, Thriller",Mind-bending visuals and deep philosophical themes.,2019-02-11,7.3,79
509,The Irishman,Movie,Bollywood,Biography,Heartwarming tale with unforgettable characters.,2019-03-02,9.7,96
510,The Batman 8,Movie,International,"Sci-Fi, Thriller",A masterpiece of direction and acting.,2018-03-12,8.7,91
511,Barbie,Movie,International,Fantasy,A gripping story of heroism and sacrifice.,2019-10-30,7.7,91
512,Avengers: Endgame,Movie,International,Sci-Fi,A masterpiece of direction and acting.,2019-06-24,6.6,81
513,Oppenheimer,Movie,Classic,Sci-Fi,Intense psychological thriller.,2020-01-29,7.3,73
514,Forrest Gump 7,Movie,Hollywood,Crime,Mind-bending visuals and deep philosophical themes.,2023-10-17,6.2,66
515,Knives Out 3,Movie,International,"Crime, Crime",Mind-bending visuals and deep philosophical themes.,2020-06-06,9.5,96
516,Whiplash 3,Movie,International,"Action, Biography",Intense psychological thriller.,2024-11-12,9.6,94
517,The Matrix,Movie,Indie,Adventure,Visual spectacle with groundbreaking effects.,2022-07-25,6.5,68
518,Knives Out,Movie,International,"Action, Sci-Fi",Mind-bending visuals and deep philosophical themes.,2014-11-03,7.9,79
519,Inception,Movie,Blockbuster,Mystery,Intense psychological thriller.,2014-03-28,6.5,69
520,Inception,Movie,Bollywood,"Biography, Sci-Fi",Intense psychological thriller.,2015-12-26,7.1,81
521,No Time to Die,Movie,Indie,"Comedy, Horror",Visual spectacle with groundbreaking effects.,2013-08-29,6.1,70
522,La La Land 5,Movie,Bollywood,Horror,Visual spectacle with groundbreaking effects.,2016-12-28,8.2,66
523,Black Panther 4,Movie,Bollywood,Thriller,Revolutionary storytelling and stunning action.,2019-11-02,8.8,96
524,Interstellar,Movie,Indie,Biography,A gripping story of heroism and sacrifice.,2016-06-11,6.8,89
525,The Grand Budapest Hotel,Movie,Blockbuster,"Biography, Adventure",Revolutionary storytelling and stunning action.,2022-02-09,9.8,90
526,The Matrix,Movie,Bollywood,Mystery,Visual spectacle with groundbreaking effects.,2013-01-14,9.2,84
527,The Godfather 7,Movie,International,Thriller,A gripping story of heroism and sacrifice.,2023-09-03,6.5,78
528,Dune,Movie,Classic,"Action, Biography",An epic journey through space and time.,2020-01-31,8.2,85
529,The Grand Budapest Hotel,Movie,Bollywood,Romance,A gripping story of heroism and sacrifice.,2015-03-04,8.4,73
530,Everything Everywhere All at Once,Movie,Classic,Drama,A gripping story of heroism and sacrifice.,2025-01-11,6.6,83
531,Black Panther,Movie,Hollywood,Fantasy,A gripping story of heroism and sacrifice.,2021-04-07,9.1,81
532,1917,Movie,Indie,Thriller,An epic journey through space and time.,2013-06-23,8.8,78
533,Spider-Man: No Way Home,Movie,Bollywood,"Romance, Drama",Revolutionary storytelling and stunning action.,2016-09-28,8.2,94
534,The Dark Knight 6,Movie,International,Mystery,A gripping story of heroism and sacrifice.,2017-09-24,7.2,85
535,Jojo Rabbit,Movie,Bollywood,Biography,Intense psychological thriller.,2013-10-25,9.5,66
536,The Matrix,Movie,Blockbuster,"Action, Mystery",Mind-bending visuals and deep philosophical themes.,2019-02-27,9.7,87
537,Spider-Man: No Way Home,Movie,Hollywood,"Mystery, Comedy",Intense psychological thriller.,2014-06-16,6.6,66
538,The Grand Budapest Hotel,Movie,Indie,Horror,An epic journey through space and time.,2024-09-13,9.7,99
539,Knives Out,Movie,Bollywood,"Drama, Horror",A gripping story of heroism and sacrifice.,2014-07-27,7.6,97
540,Top Gun: Maverick,Movie,Classic,"Adventure, Biography",Mind-bending visuals and deep philosophical themes.,2019-11-09,9.7,99
541,Jojo Rabbit,Movie,International,"Horror, Action",Mind-bending visuals and deep philosophical themes.,2018-03-05,8.8,93
542,Tenet,Movie,Indie,"Crime, Thriller",Heartwarming tale with unforgettable characters.,2025-09-08,6.6,82
543,Get Out 2,Movie,Bollywood,Romance,A masterpiece of direction and acting.,2019-01-13,7.0,96
544,Inception,Movie,Hollywood,Comedy,Visual spectacle with groundbreaking effects.,2016-08-25,7.1,76
545,Interstellar,Movie,Hollywood,"Fantasy, Comedy",A gripping story of heroism and sacrifice.,2023-04-07,7.3,70
546,1917 6,Movie,International,"Fantasy, Mystery",An epic journey through space and time.,2018-05-10,8.6,95
547,No Time to Die 3,Movie,Hollywood,"Action, Adventure",Intense psychological thriller.,2016-04-30,7.5,81
548,Parasite,Movie,Indie,"Drama, Comedy",Mind-bending visuals and deep philosophical themes.,2021-01-21,8.3,89
549,Top Gun: Maverick 5,Movie,Indie,Thriller,Intense psychological thriller.,2016-08-26,8.5,96
550,Jojo Rabbit,Movie,International,Biography,Intense psychological thriller.,2015-04-20,7.9,90
551,Fight Club,Movie,Classic,"Horror, Action",A gripping story of heroism and sacrifice.,2025-12-13,7.4,96
552,Tenet,Movie,Hollywood,Thriller,A gripping story of heroism and sacrifice.,2015-12-23,6.9,98
553,The Irishman,Movie,Bollywood,Horror,A gripping story of heroism and sacrifice.,2018-08-11,6.1,97
554,The Grand Budapest Hotel,Movie,Blockbuster,Adventure,Heartwarming tale with unforgettable characters.,2018-10-20,8.9,93
555,Forrest Gump,Movie,Indie,"Biography, Adventure",Revolutionary storytelling and stunning action.,2022-03-20,6.2,89
556,Knives Out,Movie,International,Mystery,Heartwarming tale with unforgettable characters.,2013-12-07,7.4,75
557,Fight Club 1,Movie,Hollywood,"Crime, Biography",Visual spectacle with groundbreaking effects.,2015-01-15,9.8,83
558,Inception,Movie,Indie,Adventure,Mind-bending visuals and deep philosophical themes.,2016-06-03,9.2,73
559,Whiplash,Movie,Bollywood,"Action, Comedy",Visual spectacle with groundbreaking effects.,2019-07-06,6.6,66
560,Whiplash 4,Movie,International,Thriller,A masterpiece of direction and acting.,2022-09-11,7.8,77
561,Inception,Movie,Classic,Biography,Mind-bending visuals and deep philosophical themes.,2015-03-01,6.0,79
562,Get Out,Movie,Indie,Fantasy,Heartwarming tale with unforgettable characters.,2019-08-11,9.1,72
563,Mad Max: Fury Road 6,Movie,Hollywood,"Crime, Romance",Intense psychological thriller.,2018-11-11,6.8,85
564,Inception 3,Movie,Hollywood,"Biography, Adventure",Intense psychological thriller.,2016-08-29,8.7,81
565,Pulp Fiction,Movie,International,Horror,Visual spectacle with groundbreaking effects.,2021-03-06,6.2,69
566,The Revenant 6,Movie,Bollywood,"Sci-Fi, Romance",Intense psychological thriller.,2019-03-17,9.3,96
567,The Godfather,Movie,Indie,"Mystery, Crime",Heartwarming tale with unforgettable characters.,2014-11-22,6.5,77
568,La La Land,Movie,Bollywood,Horror,An epic journey through space and time.,2021-08-27,8.2,65
569,Pulp Fiction,Movie,Classic,Sci-Fi,Mind-bending visuals and deep philosophical themes.,2020-03-04,7.6,81
570,Once Upon a Time in Hollywood,Movie,Blockbuster,Thriller,Mind-bending visuals and deep philosophical themes.,2017-09-15,8.9,96
571,No Time to Die,Movie,International,Adventure,Revolutionary storytelling and stunning action.,2016-12-02,7.2,77
572,Fight Club,Movie,Blockbuster,Crime,Revolutionary storytelling and stunning action.,2016-07-11,8.8,94
573,The Irishman,Movie,Classic,"Comedy, Fantasy",A masterpiece of direction and acting.,2022-10-14,7.3,74
574,Jojo Rabbit,Movie,Classic,"Comedy, Drama",A gripping story of heroism and sacrifice.,2023-09-01,8.4,89
575,Interstellar 1,Movie,Bollywood,"Biography, Fantasy",Revolutionary storytelling and stunning action.,2015-11-27,9.0,90
576,La La Land 1,Movie,Hollywood,"Horror, Crime",A masterpiece of direction and acting.,2025-09-20,8.1,90
577,Barbie,Movie,Indie,"Fantasy, Crime",A masterpiece of direction and acting.,2022-08-02,9.0,83
578,Dune,Movie,International,Mystery,Heartwarming tale with unforgettable characters.,2025-11-04,8.5,76
579,Barbie,Movie,Indie,"Action, Thriller",Mind-bending visuals and deep philosophical themes.,2024-09-10,9.8,77
580,Everything Everywhere All at Once,Movie,Blockbuster,Horror,An epic journey through space and time.,2018-11-11,6.5,84
581,The Revenant,Movie,Classic,Comedy,Mind-bending visuals and deep philosophical themes.,2013-12-22,7.9,78
582,Whiplash,Movie,Indie,Comedy,Heartwarming tale with unforgettable characters.,2021-08-12,9.0,97
583,Joker,Movie,International,"Adventure, Drama",Visual spectacle with groundbreaking effects.,2024-03-31,8.2,90
584,The Matrix 8,Movie,Bollywood,Adventure,A gripping story of heroism and sacrifice.,2020-10-10,6.0,89
585,The Shawshank Redemption,Movie,Bollywood,Crime,An epic journey through space and time.,2015-04-23,8.7,86
586,La La Land 4,Movie,Hollywood,Comedy,A masterpiece of direction and acting.,2025-04-11,6.6,90
587,Mad Max: Fury Road,Movie,Indie,"Sci-Fi, Biography",Intense psychological thriller.,2023-08-30,9.1,93
588,Knives Out,Movie,Blockbuster,"Drama, Crime",Intense psychological thriller.,2022-05-29,8.9,82
589,Knives Out,Movie,Indie,Crime,Intense psychological thriller.,2019-12-22,6.5,71
590,Everything Everywhere All at Once,Movie,Classic,"Romance, Mystery",Heartwarming tale with unforgettable characters.,2020-02-14,6.1,96
591,The Revenant 5,Movie,Hollywood,"Fantasy, Crime",Mind-bending visuals and deep philosophical themes.,2015-06-21,7.7,74
592,The Dark Knight,Movie,Indie,Romance,An epic journey through space and time.,2023-11-20,8.3,88
593,The Shawshank Redemption,Movie,Classic,"Mystery, Drama",Mind-bending visuals and deep philosophical themes.,2025-11-07,8.4,88
594,Barbie,Movie,Blockbuster,"Mystery, Sci-Fi",Intense psychological thriller.,2018-07-30,9.6,99
595,Top Gun: Maverick,Movie,Hollywood,"Fantasy, Drama",Intense psychological thriller.,2015-10-27,6.6,82
596,Joker 3,Movie,Bollywood,Comedy,Intense psychological thriller.,2013-02-22,7.7,95
597,Inception 7,Movie,Hollywood,Thriller,Intense psychological thriller.,2020-06-14,7.8,86
598,Top Gun: Maverick,Movie,Blockbuster,Romance,A gripping story of heroism and sacrifice.,2013-08-14,9.4,67
599,Inception,Movie,Bollywood,Action,Heartwarming tale with unforgettable characters.,2016-01-11,8.0,74
600,The Grand Budapest Hotel,Movie,Hollywood,Biography,A gripping story of heroism and sacrifice.,2015-12-24,8.4,92
601,The Dark Knight,Movie,Indie,Drama,Heartwarming tale with unforgettable characters.,2013-08-30,9.2,67
602,La La Land,Movie,Indie,Action,A masterpiece of direction and acting.,2014-09-18,6.7,96
603,1917,Movie,International,"Comedy, Horror",Heartwarming tale with unforgettable characters.,2025-07-25,7.7,95
604,Top Gun: Maverick,Movie,Classic,"Drama, Action",An epic journey through space and time.,2020-04-26,8.5,69
605,Mad Max: Fury Road 3,Movie,Indie,Adventure,Mind-bending visuals and deep philosophical themes.,2017-11-16,6.7,70
606,The Shawshank Redemption,Movie,Hollywood,Drama,Visual spectacle with groundbreaking effects.,2023-04-29,8.6,90
607,Mad Max: Fury Road 5,Movie,International,"Action, Adventure",Mind-bending visuals and deep philosophical themes.,2014-05-02,6.6,83
608,The Matrix 8,Movie,Indie,Adventure,A masterpiece of direction and acting.,2016-09-19,6.6,83
609,The Dark Knight,Movie,Hollywood,Romance,Revolutionary storytelling and stunning action.,2013-05-04,6.6,82
610,Oppenheimer 6,Movie,Bollywood,Mystery,Heartwarming tale with unforgettable characters.,2013-06-02,9.8,81
611,Everything Everywhere All at Once,Movie,Bollywood,"Crime, Crime",A gripping story of heroism and sacrifice.,2013-02-20,9.2,69
612,Tenet,Movie,Indie,"Crime, Drama",Revolutionary storytelling and stunning action.,2019-07-09,6.8,95
613,The Dark Knight 3,Movie,Bollywood,"Crime, Romance",Heartwarming tale with unforgettable characters.,2021-09-01,6.8,72
614,Interstellar 1,Movie,International,Drama,Intense psychological thriller.,2024-12-29,8.6,82
615,Black Panther 5,Movie,Hollywood,Adventure,Revolutionary storytelling and stunning action.,2017-11-04,6.5,85
616,Jojo Rabbit,Movie,Classic,Romance,Mind-bending visuals and deep philosophical themes.,2015-10-19,9.1,73
617,Fight Club 4,Movie,International,"Crime, Mystery",Visual spectacle with groundbreaking effects.,2013-09-01,9.3,94
618,Oppenheimer 7,Movie,Bollywood,Crime,Heartwarming tale with unforgettable characters.,2019-10-25,8.2,77
619,Interstellar,Movie,Classic,Romance,An epic journey through space and time.,2017-06-26,9.1,87
620,Forrest Gump,Movie,Classic,Fantasy,Intense psychological thriller.,2025-06-15,6.7,69
621,The Matrix 6,Movie,Blockbuster,Horror,A masterpiece of direction and acting.,2014-08-08,8.0,71
622,Dune,Movie,Bollywood,Adventure,Visual spectacle with groundbreaking effects.,2016-08-17,6.6,77
623,The Batman,Movie,Indie,Horror,Revolutionary storytelling and stunning action.,2019-07-29,7.9,66
624,Parasite,Movie,Blockbuster,"Comedy, Adventure",Revolutionary storytelling and stunning action.,2014-07-17,8.6,65
625,Parasite,Movie,Blockbuster,"Crime, Drama",A gripping story of heroism and sacrifice.,2025-04-24,9.5,79
626,Barbie,Movie,Indie,Sci-Fi,Intense psychological thriller.,2023-04-14,8.3,85
627,Pulp Fiction,Movie,Hollywood,Fantasy,A masterpiece of direction and acting.,2022-01-13,9.8,67
628,Mad Max: Fury Road,Movie,Blockbuster,"Drama, Biography",Revolutionary storytelling and stunning action.,2023-01-04,6.5,65
629,No Time to Die,Movie,Indie,"Romance, Biography",Mind-bending visuals and deep philosophical themes.,2024-02-16,9.4,96
630,The Dark Knight 1,Movie,Hollywood,"Adventure, Adventure",Heartwarming tale with unforgettable characters.,2021-06-07,6.7,93
631,Spider-Man: No Way Home,Movie,Classic,Drama,Mind-bending visuals and deep philosophical themes.,2022-09-17,8.7,69
632,Whiplash,Movie,International,"Horror, Action",Mind-bending visuals and deep philosophical themes.,2016-06-25,8.3,66
633,Black Panther 2,Movie,International,"Drama, Romance",A gripping story of heroism and sacrifice.,2017-10-27,7.7,83
634,Once Upon a Time in Hollywood 1,Movie,Blockbuster,"Adventure, Thriller",Intense psychological thriller.,2020-05-10,6.6,65
635,Forrest Gump,Movie,Hollywood,Biography,Heartwarming tale with unforgettable characters.,2022-02-16,9.8,78
636,The Grand Budapest Hotel,Movie,Bollywood,Adventure,A masterpiece of direction and acting.,2015-03-27,9.6,87
637,Pulp Fiction 6,Movie,Bollywood,Biography,Visual spectacle with groundbreaking effects.,2020-09-03,9.8,77
638,Forrest Gump,Movie,Hollywood,"Action, Drama",A gripping story of heroism and sacrifice.,2017-10-10,8.5,99
639,Tenet,Movie,Blockbuster,Mystery,Intense psychological thriller.,2018-05-24,6.7,83
640,The Irishman,Movie,Indie,Horror,A gripping story of heroism and sacrifice.,2019-10-01,7.6,99
641,Whiplash 2,Movie,Indie,Drama,An epic journey through space and time.,2014-07-12,7.7,67
642,Forrest Gump,Movie,Bollywood,"Comedy, Action",Mind-bending visuals and deep philosophical themes.,2016-01-22,7.0,77
643,The Grand Budapest Hotel 2,Movie,Blockbuster,Horror,An epic journey through space and time.,2017-03-21,8.2,98
644,Avengers: Endgame,Movie,Bollywood,Horror,A gripping story of heroism and sacrifice.,2025-01-02,6.0,86
645,The Revenant 1,Movie,Classic,"Biography, Action",A masterpiece of direction and acting.,2025-09-25,9.1,97
646,The Irishman,Movie,International,Crime,A gripping story of heroism and sacrifice.,2022-12-03,9.5,88
647,Whiplash 5,Movie,Blockbuster,Thriller,Visual spectacle with groundbreaking effects.,2024-11-17,9.4,99
648,Top Gun: Maverick,Movie,Bollywood,"Action, Horror",Revolutionary storytelling and stunning action.,2021-08-20,9.2,86
649,La La Land,Movie,Bollywood,"Thriller, Fantasy",Heartwarming tale with unforgettable characters.,2016-09-01,9.7,65
650,Pulp Fiction 4,Movie,Blockbuster,Fantasy,Heartwarming tale with unforgettable characters.,2019-01-05,9.5,67
651,Spider-Man: No Way Home 2,Movie,Classic,"Crime, Sci-Fi",Visual spectacle with groundbreaking effects.,2022-06-12,9.5,89
652,The Batman,Movie,Bollywood,"Biography, Fantasy",Revolutionary storytelling and stunning action.,2023-04-27,9.2,87
653,The Irishman,Movie,Blockbuster,"Comedy, Romance",A gripping story of heroism and sacrifice.,2012-11-10,7.6,70
654,Parasite,Movie,Bollywood,Sci-Fi,Revolutionary storytelling and stunning action.,2013-07-29,8.1,95
655,Everything Everywhere All at Once,Movie,Hollywood,"Mystery, Biography",A masterpiece of direction and acting.,2017-04-27,6.4,74
656,The Batman,Movie,Bollywood,"Romance, Action",A gripping story of heroism and sacrifice.,2013-07-31,9.4,83
657,La La Land 1,Movie,Blockbuster,"Crime, Action",Visual spectacle with groundbreaking effects.,2020-12-04,6.1,85
658,Spider-Man: No Way Home 7,Movie,Hollywood,Fantasy,Visual spectacle with groundbreaking effects.,2023-04-07,8.7,89
659,The Godfather,Movie,Hollywood,"Horror, Horror",Heartwarming tale with unforgettable characters.,2021-11-19,8.8,96
660,Spider-Man: No Way Home 4,Movie,Bollywood,Crime,Intense psychological thriller.,2015-01-22,6.8,66
661,Black Panther,Movie,Indie,Action,An epic journey through space and time.,2023-03-03,7.6,70
662,Jojo Rabbit 9,Movie,Bollywood,Horror,A gripping story of heroism and sacrifice.,2021-08-06,9.4,90
663,1917,Movie,Blockbuster,"Fantasy, Thriller",An epic journey through space and time.,2019-07-27,9.1,91
664,Dune 5,Movie,International,Adventure,Visual spectacle with groundbreaking effects.,2019-07-19,7.1,94
665,No Time to Die,Movie,International,Action,Visual spectacle with groundbreaking effects.,2018-09-28,6.3,84
666,Everything Everywhere All at Once,Movie,Hollywood,Fantasy,Intense psychological thriller.,2020-02-14,7.3,86
667,No Time to Die,Movie,Classic,"Action, Comedy",Visual spectacle with groundbreaking effects.,2012-12-09,9.1,75
668,Fight Club 9,Movie,Indie,Thriller,Mind-bending visuals and deep philosophical themes.,2018-05-30,7.4,73
669,Inception 6,Movie,Bollywood,"Biography, Crime",Mind-bending visuals and deep philosophical themes.,2013-04-30,6.0,89
670,Parasite,Movie,Bollywood,Crime,Visual spectacle with groundbreaking effects.,2020-08-20,9.4,78
671,Joker,Movie,International,"Drama, Adventure",A gripping story of heroism and sacrifice.,2021-12-11,7.5,73
672,1917 6,Movie,Classic,Fantasy,Visual spectacle with groundbreaking effects.,2023-12-17,8.8,74
673,Get Out,Movie,Blockbuster,"Romance, Drama",Heartwarming tale with unforgettable characters.,2025-11-28,9.1,89
674,Tenet,Movie,International,"Thriller, Fantasy",A masterpiece of direction and acting.,2019-03-18,7.4,75
675,Spider-Man: No Way Home,Movie,Blockbuster,"Crime, Adventure",Revolutionary storytelling and stunning action.,2024-03-01,8.3,78
676,Avengers: Endgame 8,Movie,Bollywood,Romance,Intense psychological thriller.,2023-11-15,7.6,90
677,Spider-Man: No Way Home,Movie,Indie,Crime,Intense psychological thriller.,2016-08-21,8.6,99
678,The Dark Knight 2,Movie,International,"Crime, Adventure",A masterpiece of direction and acting.,2025-09-08,8.2,83
679,La La Land,Movie,Blockbuster,"Crime, Thriller",A gripping story of heroism and sacrifice.,2017-03-17,7.6,81
680,Knives Out,Movie,Blockbuster,"Romance, Thriller",A masterpiece of direction and acting.,2013-07-01,7.9,69
681,The Godfather,Movie,International,Crime,A masterpiece of direction and acting.,2025-02-07,7.8,86
682,Joker 7,Movie,Bollywood,Comedy,A gripping story of heroism and sacrifice.,2021-10-31,8.3,89
683,The Shawshank Redemption 6,Movie,International,Drama,Visual spectacle with groundbreaking effects.,2024-12-11,6.4,87
684,The Shawshank Redemption,Movie,International,Fantasy,Visual spectacle with groundbreaking effects.,2021-07-06,7.7,89
685,Fight Club 9,Movie,Indie,"Biography, Comedy",An epic journey through space and time.,2013-04-08,8.8,91
686,Pulp Fiction,Movie,Bollywood,Horror,Revolutionary storytelling and stunning action.,2019-10-01,8.2,92
687,Dune,Movie,International,"Adventure, Action",A gripping story of heroism and sacrifice.,2018-05-22,6.6,83
688,Spider-Man: No Way Home 4,Movie,Indie,"Adventure, Drama",Revolutionary storytelling and stunning action.,2019-06-25,8.2,73
689,The Revenant 6,Movie,Classic,"Thriller, Romance",Heartwarming tale with unforgettable characters.,2018-06-10,9.5,65
690,Get Out,Movie,Hollywood,"Horror, Fantasy",An epic journey through space and time.,2015-05-11,7.6,73
691,Black Panther,Movie,Classic,"Action, Sci-Fi",A masterpiece of direction and acting.,2025-06-06,6.9,99
692,Jojo Rabbit,Movie,International,"Biography, Comedy",Intense psychological thriller.,2022-08-03,6.3,65
693,Inception,Movie,Classic,"Thriller, Action",Heartwarming tale with unforgettable characters.,2013-06-14,8.8,93
694,1917,Movie,Classic,"Comedy, Thriller",Visual spectacle with groundbreaking effects.,2016-11-23,9.2,86
695,Fight Club 3,Movie,Hollywood,"Horror, Action",Heartwarming tale with unforgettable characters.,2020-07-07,6.5,78
696,The Batman,Movie,Classic,"Sci-Fi, Sci-Fi",Intense psychological thriller.,2016-10-31,7.6,98
697,Black Panther,Movie,Bollywood,Romance,Mind-bending visuals and deep philosophical themes.,2014-03-26,8.6,89
698,The Dark Knight 4,Movie,Classic,Mystery,An epic journey through space and time.,2018-11-12,7.5,68
699,Forrest Gump 1,Movie,Classic,Adventure,Heartwarming tale with unforgettable characters.,2014-12-23,9.8,86
700,Joker 8,Movie,Indie,Sci-Fi,Mind-bending visuals and deep philosophical themes.,2012-11-11,6.4,89
701,Once Upon a Time in Hollywood,Movie,Classic,"Adventure, Mystery",Mind-bending visuals and deep philosophical themes.,2021-01-10,9.0,67
702,The Godfather,Movie,Classic,"Romance, Romance",Visual spectacle with groundbreaking effects.,2020-05-09,8.3,79
703,Avengers: Endgame,Movie,Classic,Romance,Mind-bending visuals and deep philosophical themes.,2013-10-13,7.3,84
704,The Grand Budapest Hotel,Movie,Bollywood,"Drama, Adventure",Intense psychological thriller.,2020-11-22,9.6,87
705,Tenet,Movie,International,"Drama, Adventure",Revolutionary storytelling and stunning action.,2022-09-19,9.5,87
706,Avengers: Endgame 9,Movie,Hollywood,Action,Heartwarming tale with unforgettable characters.,2023-02-05,7.4,98
707,Jojo Rabbit,Movie,Indie,"Sci-Fi, Biography",Heartwarming tale with unforgettable characters.,2026-02-08,8.1,95
708,Whiplash,Movie,Bollywood,Adventure,Visual spectacle with groundbreaking effects.,2017-07-02,9.8,67
709,Mad Max: Fury Road 5,Movie,Bollywood,Crime,An epic journey through space and time.,2024-08-18,9.5,66
710,Get Out 6,Movie,Hollywood,Sci-Fi,Mind-bending visuals and deep philosophical themes.,2023-02-17,8.0,66
711,Top Gun: Maverick,Movie,International,Sci-Fi,Intense psychological thriller.,2019-01-25,6.4,90
712,Avengers: Endgame,Movie,Blockbuster,Biography,Intense psychological thriller.,2025-01-22,9.7,80
713,Interstellar,Movie,Indie,Mystery,Revolutionary storytelling and stunning action.,2014-10-24,9.0,77
714,Pulp Fiction 2,Movie,Bollywood,Romance,Mind-bending visuals and deep philosophical themes.,2017-04-06,7.1,88
715,No Time to Die,Movie,Indie,Mystery,Mind-bending visuals and deep philosophical themes.,2019-06-28,6.4,70
716,Dune,Movie,Blockbuster,Romance,A gripping story of heroism and sacrifice.,2022-05-31,9.3,76
717,Interstellar,Movie,Classic,"Sci-Fi, Biography",Mind-bending visuals and deep philosophical themes.,2022-11-28,7.7,70
718,The Godfather,Movie,International,"Thriller, Adventure",Mind-bending visuals and deep philosophical themes.,2024-12-31,9.2,72
719,Whiplash,Movie,Blockbuster,"Mystery, Mystery",A gripping story of heroism and sacrifice.,2013-04-11,7.1,99
720,Jojo Rabbit,Movie,Blockbuster,"Crime, Comedy",Revolutionary storytelling and stunning action.,2013-04-10,6.6,68
721,Get Out,Movie,Indie,Horror,Revolutionary storytelling and stunning action.,2013-08-18,6.3,73
722,Joker,Movie,Blockbuster,Action,Heartwarming tale with unforgettable characters.,2014-07-17,9.3,97
723,Barbie 9,Movie,Classic,Sci-Fi,A gripping story of heroism and sacrifice.,2022-06-12,8.2,99
724,Whiplash 8,Movie,Blockbuster,Action,Mind-bending visuals and deep philosophical themes.,2023-04-28,8.7,83
725,1917 5,Movie,Blockbuster,Drama,A gripping story of heroism and sacrifice.,2020-10-06,8.9,72
726,Tenet,Movie,International,Mystery,An epic journey through space and time.,2017-07-14,9.3,73
727,Once Upon a Time in Hollywood,Movie,Bollywood,"Romance, Mystery",Visual spectacle with groundbreaking effects.,2017-08-03,8.9,94
728,The Grand Budapest Hotel,Movie,Blockbuster,Mystery,Revolutionary storytelling and stunning action.,2022-09-23,6.4,79
729,Tenet,Movie,Hollywood,Mystery,Visual spectacle with groundbreaking effects.,2023-04-16,6.3,89
730,No Time to Die,Movie,International,"Mystery, Thriller",A gripping story of heroism and sacrifice.,2022-03-13,7.7,69
731,Whiplash,Movie,Blockbuster,Adventure,Mind-bending visuals and deep philosophical themes.,2013-01-30,6.7,91
732,No Time to Die 6,Movie,Blockbuster,Drama,Intense psychological thriller.,2023-05-10,8.9,87
733,Inception 2,Movie,International,"Sci-Fi, Mystery",An epic journey through space and time.,2014-06-05,8.1,68
734,The Batman 8,Movie,Indie,Fantasy,Heartwarming tale with unforgettable characters.,2025-04-19,8.4,84
735,Tenet 6,Movie,Hollywood,Drama,Intense psychological thriller.,2016-02-21,7.3,91
736,1917,Movie,Blockbuster,Horror,Visual spectacle with groundbreaking effects.,2015-05-27,9.7,83
737,Avengers: Endgame,Movie,Classic,Comedy,Mind-bending visuals and deep philosophical themes.,2016-01-11,7.0,73
738,The Matrix,Movie,International,Romance,Heartwarming tale with unforgettable characters.,2017-06-01,8.0,86
739,Parasite,Movie,International,Drama,Heartwarming tale with unforgettable characters.,2017-12-18,8.2,96
740,Dune,Movie,International,Comedy,Visual spectacle with groundbreaking effects.,2017-11-10,9.3,83
741,Mad Max: Fury Road 8,Movie,Classic,"Crime, Adventure",An epic journey through space and time.,2025-01-07,8.5,80
742,Barbie,Movie,Bollywood,"Romance, Horror",A gripping story of heroism and sacrifice.,2013-10-16,9.8,77
743,Whiplash,Movie,Blockbuster,"Fantasy, Drama",Heartwarming tale with unforgettable characters.,2025-06-14,7.3,76
744,Black Panther 9,Movie,International,"Horror, Adventure",An epic journey through space and time.,2023-12-11,9.6,73
745,Whiplash 2,Movie,Classic,"Sci-Fi, Drama",An epic journey through space and time.,2014-12-10,7.0,91
746,Fight Club 9,Movie,Blockbuster,"Comedy, Horror",A gripping story of heroism and sacrifice.,2021-01-19,6.9,81
747,The Irishman,Movie,Hollywood,Mystery,An epic journey through space and time.,2022-10-11,7.2,66
748,Everything Everywhere All at Once,Movie,Blockbuster,Sci-Fi,A masterpiece of direction and acting.,2016-10-16,9.3,83
749,Knives Out,Movie,Bollywood,"Biography, Horror",Revolutionary storytelling and stunning action.,2017-06-19,9.7,83
750,Avengers: Endgame,Movie,Hollywood,Thriller,A masterpiece of direction and acting.,2020-04-03,6.6,66
751,Inception 5,Movie,Blockbuster,"Comedy, Action",Revolutionary storytelling and stunning action.,2014-11-19,8.4,99
752,The Matrix,Movie,Bollywood,Adventure,An epic journey through space and time.,2012-10-05,6.0,65
753,Barbie,Movie,International,Fantasy,Visual spectacle with groundbreaking effects.,2017-07-04,9.4,86
754,1917,Movie,Hollywood,"Adventure, Comedy",An epic journey through space and time.,2021-09-26,7.0,70
755,Barbie,Movie,Bollywood,Drama,A gripping story of heroism and sacrifice.,2020-03-05,6.5,70
756,Fight Club,Movie,International,Sci-Fi,A masterpiece of direction and acting.,2020-11-05,6.1,99
757,The Irishman,Movie,Hollywood,Crime,An epic journey through space and time.,2022-05-01,8.8,74
758,Fight Club,Movie,Blockbuster,"Action, Action",An epic journey through space and time.,2018-01-22,8.4,65
759,Oppenheimer,Movie,Indie,Romance,An epic journey through space and time.,2020-11-29,8.6,98
760,Forrest Gump,Movie,Blockbuster,"Romance, Horror",Mind-bending visuals and deep philosophical themes.,2016-10-02,6.5,89
761,Fight Club,Movie,Classic,Crime,Intense psychological thriller.,2015-08-20,7.4,86
762,Forrest Gump 7,Movie,International,Crime,Revolutionary storytelling and stunning action.,2021-12-30,7.6,78
763,Inception,Movie,Blockbuster,"Comedy, Sci-Fi",Mind-bending visuals and deep philosophical themes.,2024-03-11,7.5,76
764,The Irishman,Movie,Indie,"Romance, Romance",A masterpiece of direction and acting.,2025-08-28,8.2,83
765,Avengers: Endgame,Movie,Blockbuster,Sci-Fi,Heartwarming tale with unforgettable characters.,2017-03-07,6.8,69
766,The Godfather,Movie,International,"Romance, Mystery",Intense psychological thriller.,2013-05-13,8.0,76
767,Spider-Man: No Way Home,Movie,Classic,Sci-Fi,Intense psychological thriller.,2023-12-06,7.7,86
768,Tenet,Movie,Hollywood,"Adventure, Fantasy",Heartwarming tale with unforgettable characters.,2022-04-07,6.9,93
769,The Godfather 9,Movie,Classic,"Comedy, Drama",Intense psychological thriller.,2025-07-26,9.0,88
770,Avengers: Endgame,Movie,Classic,"Adventure, Comedy",Revolutionary storytelling and stunning action.,2016-10-11,9.5,91
771,La La Land,Movie,Classic,Comedy,Visual spectacle with groundbreaking effects.,2021-01-08,8.6,74
772,Get Out,Movie,International,"Horror, Comedy",A masterpiece of direction and acting.,2024-06-25,7.7,69
773,The Grand Budapest Hotel 4,Movie,Indie,Biography,Heartwarming tale with unforgettable characters.,2018-07-25,7.1,67
774,Interstellar,Movie,Hollywood,"Comedy, Drama",Heartwarming tale with unforgettable characters.,2012-12-21,9.7,65
775,Inception,Movie,Indie,"Biography, Fantasy",Visual spectacle with groundbreaking effects.,2021-12-14,6.5,85
776,Joker,Movie,Classic,Horror,Heartwarming tale with unforgettable characters.,2025-01-02,8.2,66
777,Pulp Fiction,Movie,Classic,"Adventure, Sci-Fi",An epic journey through space and time.,2013-01-03,7.7,85
778,The Shawshank Redemption,Movie,International,"Thriller, Romance",Visual spectacle with groundbreaking effects.,2017-05-10,7.1,92
779,1917,Movie,Bollywood,"Comedy, Mystery",A gripping story of heroism and sacrifice.,2025-03-15,7.1,99
780,No Time to Die,Movie,Blockbuster,Sci-Fi,Heartwarming tale with unforgettable characters.,2024-12-06,6.4,89
781,Tenet,Movie,Classic,"Action, Drama",A masterpiece of direction and acting.,2019-11-27,9.3,92
782,The Batman,Movie,Hollywood,"Fantasy, Romance",Revolutionary storytelling and stunning action.,2025-09-01,7.2,96
783,Inception,Movie,Hollywood,Action,Visual spectacle with groundbreaking effects.,2017-10-16,7.2,91
784,Avengers: Endgame,Movie,Hollywood,Action,Visual spectacle with groundbreaking effects.,2024-12-27,9.4,94
785,Dune,Movie,Blockbuster,"Sci-Fi, Biography",Visual spectacle with groundbreaking effects.,2012-12-26,6.8,99
786,Dune,Movie,International,Horror,Intense psychological thriller.,2017-01-02,7.7,87
787,The Shawshank Redemption 5,Movie,International,Crime,Heartwarming tale with unforgettable characters.,2018-09-10,9.4,69
788,The Irishman,Movie,International,Horror,An epic journey through space and time.,2024-02-06,8.5,86
789,Once Upon a Time in Hollywood,Movie,International,Adventure,Heartwarming tale with unforgettable characters.,2018-08-27,9.6,99
790,Top Gun: Maverick,Movie,Indie,"Romance, Mystery",Intense psychological thriller.,2025-03-26,7.1,68
791,Oppenheimer,Movie,Hollywood,Adventure,A masterpiece of direction and acting.,2018-09-14,9.6,85
792,Pulp Fiction,Movie,Classic,Biography,Heartwarming tale with unforgettable characters.,2023-11-19,9.6,80
793,The Dark Knight 2,Movie,Hollywood,Crime,Mind-bending visuals and deep philosophical themes.,2019-04-04,8.1,90
794,Get Out,Movie,International,"Horror, Crime",Visual spectacle with groundbreaking effects.,2020-11-18,7.2,75
795,Mad Max: Fury Road,Movie,International,"Romance, Mystery",A gripping story of heroism and sacrifice.,2025-03-19,6.5,71
796,Knives Out,Movie,Classic,Action,A masterpiece of direction and acting.,2024-12-22,6.9,94
797,Jojo Rabbit,Movie,Bollywood,Sci-Fi,Heartwarming tale with unforgettable characters.,2014-04-07,7.7,73
798,Avengers: Endgame,Movie,Hollywood,Comedy,Heartwarming tale with unforgettable characters.,2020-06-11,7.4,79
799,Knives Out 1,Movie,Blockbuster,Action,Revolutionary storytelling and stunning action.,2026-01-29,6.3,92
800,Inception 6,Movie,Bollywood,"Adventure, Biography",A masterpiece of direction and acting.,2024-07-11,6.1,85
801,Dune 8,Movie,Hollywood,Horror,Visual spectacle with groundbreaking effects.,2019-03-11,9.0,93
802,Get Out,Movie,Indie,"Action, Horror",Revolutionary storytelling and stunning action.,2022-07-20,9.2,67
803,Parasite,Movie,Bollywood,Thriller,A gripping story of heroism and sacrifice.,2024-08-31,6.1,76
804,The Revenant,Movie,Blockbuster,Comedy,A masterpiece of direction and acting.,2012-10-30,8.2,77
805,Knives Out 9,Movie,International,"Mystery, Romance",Intense psychological thriller.,2018-09-28,7.7,82
806,The Godfather,Movie,International,Biography,Heartwarming tale with unforgettable characters.,2019-07-30,8.7,65
807,Top Gun: Maverick,Movie,Hollywood,Thriller,Intense psychological thriller.,2021-08-09,6.6,79
808,Inception,Movie,International,Fantasy,Intense psychological thriller.,2019-12-10,8.7,96
809,Joker 8,Movie,International,"Romance, Drama",Intense psychological thriller.,2021-07-10,8.4,91
810,Forrest Gump,Movie,Bollywood,Sci-Fi,Visual spectacle with groundbreaking effects.,2016-07-24,6.8,94
811,Tenet,Movie,Bollywood,Drama,A masterpiece of direction and acting.,2024-11-25,7.4,75
812,Oppenheimer,Movie,Indie,"Romance, Mystery",Heartwarming tale with unforgettable characters.,2016-01-07,6.7,65
813,1917 4,Movie,Bollywood,"Drama, Sci-Fi",An epic journey through space and time.,2023-10-10,8.1,83
814,The Revenant,Movie,Classic,"Sci-Fi, Comedy",A masterpiece of direction and acting.,2014-01-31,7.3,73
815,Tenet,Movie,Bollywood,Action,Revolutionary storytelling and stunning action.,2024-03-31,8.8,76
816,Joker 1,Movie,Hollywood,"Crime, Comedy",Intense psychological thriller.,2019-05-10,9.6,78
817,Mad Max: Fury Road,Movie,Blockbuster,"Mystery, Biography",A masterpiece of direction and acting.,2019-12-26,7.7,66
818,Everything Everywhere All at Once,Movie,Hollywood,Biography,Mind-bending visuals and deep philosophical themes.,2014-12-08,8.9,97
819,Get Out 2,Movie,Indie,"Fantasy, Mystery",Revolutionary storytelling and stunning action.,2025-07-16,6.4,66
820,Once Upon a Time in Hollywood,Movie,Bollywood,Drama,Mind-bending visuals and deep philosophical themes.,2022-03-11,9.4,88
821,The Irishman,Movie,Blockbuster,Comedy,Revolutionary storytelling and stunning action.,2022-02-01,8.4,91
822,The Revenant,Movie,Classic,Horror,An epic journey through space and time.,2012-12-02,9.4,82
823,The Matrix,Movie,Blockbuster,Mystery,Revolutionary storytelling and stunning action.,2025-09-09,7.3,95
824,Spider-Man: No Way Home,Movie,Blockbuster,"Adventure, Adventure",Revolutionary storytelling and stunning action.,2021-07-05,9.4,81
825,Top Gun: Maverick,Movie,Indie,"Biography, Romance",Heartwarming tale with unforgettable characters.,2017-07-19,9.5,96
826,Knives Out,Movie,Bollywood,"Thriller, Biography",Intense psychological thriller.,2025-11-02,9.5,68
827,Joker,Movie,Indie,"Adventure, Sci-Fi",Intense psychological thriller.,2017-04-15,6.1,67
828,Barbie 5,Movie,Classic,"Mystery, Adventure",Heartwarming tale with unforgettable characters.,2013-11-24,9.1,81
829,Avengers: Endgame,Movie,Classic,Fantasy,Visual spectacle with groundbreaking effects.,2020-07-24,7.9,79
830,The Godfather 3,Movie,Hollywood,Mystery,An epic journey through space and time.,2020-10-07,6.1,83
831,La La Land,Movie,Blockbuster,"Horror, Drama",Intense psychological thriller.,2017-07-30,7.0,95
832,Forrest Gump,Movie,Hollywood,Romance,Heartwarming tale with unforgettable characters.,2018-11-25,6.3,81
833,The Grand Budapest Hotel,Movie,Indie,Fantasy,An epic journey through space and time.,2020-08-06,9.7,68
834,Fight Club,Movie,Hollywood,Thriller,Heartwarming tale with unforgettable characters.,2019-07-25,7.2,80
835,Mad Max: Fury Road,Movie,Classic,Horror,Revolutionary storytelling and stunning action.,2019-02-07,7.3,86
836,Avengers: Endgame 3,Movie,Indie,"Mystery, Horror",Heartwarming tale with unforgettable characters.,2013-04-05,7.7,98
837,Get Out,Movie,Indie,"Sci-Fi, Adventure",A masterpiece of direction and acting.,2022-03-05,8.3,92
838,Spider-Man: No Way Home,Movie,International,Comedy,A masterpiece of direction and acting.,2022-10-07,6.4,95
839,The Irishman 2,Movie,Classic,Adventure,An epic journey through space and time.,2016-08-14,9.7,81
840,Once Upon a Time in Hollywood,Movie,International,Action,Visual spectacle with groundbreaking effects.,2017-05-31,8.5,95
841,Avengers: Endgame,Movie,Hollywood,Romance,Mind-bending visuals and deep philosophical themes.,2018-08-12,9.5,93
842,Get Out 5,Movie,Hollywood,"Fantasy, Biography",Mind-bending visuals and deep philosophical themes.,2014-10-15,8.5,92
843,Knives Out,Movie,Hollywood,Adventure,Mind-bending visuals and deep philosophical themes.,2018-06-12,7.3,87
844,Inception,Movie,Bollywood,Horror,Visual spectacle with groundbreaking effects.,2020-12-09,8.4,79
845,Fight Club,Movie,Indie,Adventure,A gripping story of heroism and sacrifice.,2023-03-01,9.4,96
846,Top Gun: Maverick 5,Movie,Classic,"Mystery, Adventure",Heartwarming tale with unforgettable characters.,2025-01-23,8.7,92
847,Tenet 3,Movie,Indie,"Action, Drama",A masterpiece of direction and acting.,2018-08-10,7.5,77
848,Barbie 8,Movie,Classic,"Romance, Horror",Intense psychological thriller.,2022-11-23,6.9,82
849,Interstellar,Movie,Hollywood,"Crime, Adventure",Mind-bending visuals and deep philosophical themes.,2025-05-14,8.6,94
850,Avengers: Endgame,Movie,Hollywood,"Comedy, Drama",An epic journey through space and time.,2023-11-25,7.8,74
851,The Grand Budapest Hotel,Movie,Hollywood,Romance,Intense psychological thriller.,2020-02-13,7.9,70
852,Parasite,Movie,Classic,"Sci-Fi, Adventure",Heartwarming tale with unforgettable characters.,2022-08-27,8.6,75
853,The Matrix,Movie,Hollywood,Sci-Fi,An epic journey through space and time.,2019-11-28,8.5,82
854,Tenet,Movie,International,"Drama, Fantasy",A masterpiece of direction and acting.,2021-07-02,8.7,90
855,Spider-Man: No Way Home,Movie,Classic,"Adventure, Horror",An epic journey through space and time.,2025-07-24,8.1,76
856,Everything Everywhere All at Once,Movie,Indie,Mystery,Visual spectacle with groundbreaking effects.,2024-03-03,8.0,69
857,Jojo Rabbit 2,Movie,Blockbuster,Fantasy,Mind-bending visuals and deep philosophical themes.,2017-08-30,9.4,90
858,The Revenant,Movie,International,Crime,Heartwarming tale with unforgettable characters.,2024-09-20,7.7,81
859,The Grand Budapest Hotel,Movie,International,"Horror, Biography",Mind-bending visuals and deep philosophical themes.,2020-01-07,7.1,81
860,Black Panther 7,Movie,International,"Horror, Thriller",Mind-bending visuals and deep philosophical themes.,2015-06-17,8.6,70
861,Black Panther 7,Movie,Classic,"Fantasy, Biography",Revolutionary storytelling and stunning action.,2018-01-27,7.1,81
862,The Grand Budapest Hotel,Movie,Hollywood,"Horror, Mystery",A masterpiece of direction and acting.,2019-01-07,9.3,99
863,Joker,Movie,Bollywood,"Sci-Fi, Comedy",An epic journey through space and time.,2014-09-15,9.1,74
864,Everything Everywhere All at Once,Movie,Hollywood,"Fantasy, Adventure",An epic journey through space and time.,2019-11-21,6.7,66
865,No Time to Die,Movie,Bollywood,"Sci-Fi, Action",Revolutionary storytelling and stunning action.,2024-02-11,8.5,74
866,Pulp Fiction,Movie,Hollywood,Sci-Fi,A gripping story of heroism and sacrifice.,2015-09-20,8.5,75
867,Top Gun: Maverick,Movie,Bollywood,Fantasy,A masterpiece of direction and acting.,2023-01-11,9.2,97
868,Pulp Fiction,Movie,International,"Thriller, Thriller",Intense psychological thriller.,2023-11-23,9.6,73
869,Everything Everywhere All at Once,Movie,Classic,Mystery,An epic journey through space and time.,2022-01-03,6.0,66
870,Oppenheimer 8,Movie,Hollywood,"Horror, Adventure",Visual spectacle with groundbreaking effects.,2024-04-11,7.8,74
871,Joker 5,Movie,Hollywood,"Sci-Fi, Horror",Heartwarming tale with unforgettable characters.,2012-10-07,7.6,66
872,Dune,Movie,Classic,Fantasy,An epic journey through space and time.,2015-03-29,9.2,70
873,Pulp Fiction,Movie,Hollywood,Sci-Fi,A masterpiece of direction and acting.,2024-09-04,6.7,82
874,Joker,Movie,Hollywood,Sci-Fi,A masterpiece of direction and acting.,2021-11-09,8.0,68
875,Black Panther,Movie,Hollywood,"Crime, Drama",Mind-bending visuals and deep philosophical themes.,2022-04-10,9.8,95
876,Everything Everywhere All at Once,Movie,Bollywood,"Romance, Drama",Intense psychological thriller.,2022-03-11,7.4,89
877,Top Gun: Maverick,Movie,Hollywood,Mystery,A masterpiece of direction and acting.,2022-08-11,7.0,67
878,Interstellar,Movie,Bollywood,Thriller,An epic journey through space and time.,2020-06-11,6.4,85
879,The Matrix,Movie,Indie,Mystery,Visual spectacle with groundbreaking effects.,2017-03-09,7.0,72
880,Forrest Gump 3,Movie,Blockbuster,Romance,Heartwarming tale with unforgettable characters.,2024-03-07,8.7,78
881,Knives Out 1,Movie,Bollywood,Crime,A masterpiece of direction and acting.,2015-11-14,7.3,92
882,Interstellar,Movie,International,Romance,Visual spectacle with groundbreaking effects.,2025-02-20,8.6,98
883,Jojo Rabbit,Movie,Indie,"Drama, Biography",Visual spectacle with groundbreaking effects.,2023-10-03,9.1,85
884,Parasite 5,Movie,Bollywood,Mystery,Visual spectacle with groundbreaking effects.,2015-01-22,8.5,65
885,Parasite 5,Movie,Blockbuster,Romance,Visual spectacle with groundbreaking effects.,2014-11-07,7.0,93
886,The Dark Knight 3,Movie,Bollywood,"Action, Comedy",Mind-bending visuals and deep philosophical themes.,2017-02-03,8.4,80
887,Jojo Rabbit,Movie,Classic,"Romance, Fantasy",Mind-bending visuals and deep philosophical themes.,2025-11-10,6.8,93
888,Avengers: Endgame 5,Movie,Bollywood,Mystery,A masterpiece of direction and acting.,2018-02-07,9.1,76
889,The Irishman 5,Movie,International,Mystery,A gripping story of heroism and sacrifice.,2015-11-22,9.7,85
890,Oppenheimer 4,Movie,Blockbuster,Action,A gripping story of heroism and sacrifice.,2016-12-11,7.0,75
891,Everything Everywhere All at Once,Movie,Bollywood,Drama,Heartwarming tale with unforgettable characters.,2022-08-29,8.2,97
892,Knives Out 9,Movie,Blockbuster,"Sci-Fi, Adventure",A masterpiece of direction and acting.,2022-08-21,9.1,70
893,Everything Everywhere All at Once,Movie,Indie,"Drama, Biography",Visual spectacle with groundbreaking effects.,2017-06-06,6.6,87
894,The Revenant,Movie,Hollywood,"Mystery, Drama",Visual spectacle with groundbreaking effects.,2021-02-19,9.7,98
895,Inception 6,Movie,International,Crime,Mind-bending visuals and deep philosophical themes.,2021-01-25,9.3,83
896,Avengers: Endgame,Movie,Classic,Horror,Heartwarming tale with unforgettable characters.,2019-12-14,7.8,87
897,Spider-Man: No Way Home,Movie,Blockbuster,"Biography, Crime",Intense psychological thriller.,2023-09-20,7.2,95
898,Inception 8,Movie,Classic,"Comedy, Crime",An epic journey through space and time.,2019-02-25,6.4,82
899,Tenet,Movie,Indie,"Drama, Fantasy",A masterpiece of direction and acting.,2020-07-19,6.1,95
900,Get Out 1,Movie,Blockbuster,Biography,Mind-bending visuals and deep philosophical themes.,2025-10-26,9.7,82
901,The Dark Knight,Movie,Blockbuster,Comedy,An epic journey through space and time.,2017-12-09,6.5,74
902,Everything Everywhere All at Once,Movie,Indie,"Drama, Crime",Visual spectacle with groundbreaking effects.,2025-12-04,9.1,81
903,Black Panther 3,Movie,Blockbuster,"Action, Thriller",Revolutionary storytelling and stunning action.,2025-08-06,9.4,95
904,No Time to Die 5,Movie,Indie,"Comedy, Mystery",Revolutionary storytelling and stunning action.,2024-03-22,7.6,65
905,La La Land,Movie,Classic,"Romance, Adventure",An epic journey through space and time.,2019-05-29,6.8,83
906,Black Panther,Movie,Bollywood,Drama,Visual spectacle with groundbreaking effects.,2020-10-21,6.4,65
907,Avengers: Endgame 7,Movie,Bollywood,Sci-Fi,Revolutionary storytelling and stunning action.,2018-09-27,7.2,80
908,Dune 2,Movie,Indie,"Crime, Biography",Revolutionary storytelling and stunning action.,2017-09-05,7.4,76
909,Jojo Rabbit 1,Movie,International,"Fantasy, Action",Revolutionary storytelling and stunning action.,2025-12-25,8.0,79
910,Forrest Gump 7,Movie,Bollywood,"Crime, Mystery",A gripping story of heroism and sacrifice.,2015-05-27,9.4,68
911,Barbie 8,Movie,International,"Horror, Thriller",Mind-bending visuals and deep philosophical themes.,2018-07-05,8.0,91
912,Pulp Fiction,Movie,Classic,Adventure,Visual spectacle with groundbreaking effects.,2025-07-17,7.6,74
913,Tenet,Movie,Classic,Crime,A gripping story of heroism and sacrifice.,2024-03-02,8.3,89
914,Spider-Man: No Way Home,Movie,Indie,Drama,Heartwarming tale with unforgettable characters.,2017-06-01,7.2,92
915,Black Panther,Movie,Classic,Romance,Visual spectacle with groundbreaking effects.,2013-07-25,8.9,87
916,Inception 2,Movie,Blockbuster,"Crime, Comedy",Visual spectacle with groundbreaking effects.,2022-05-28,8.3,85
917,The Dark Knight 3,Movie,Classic,Adventure,A gripping story of heroism and sacrifice.,2019-06-07,9.7,67
918,The Matrix,Movie,Blockbuster,"Horror, Adventure",Revolutionary storytelling and stunning action.,2019-11-16,7.7,75
919,Spider-Man: No Way Home 2,Movie,Blockbuster,Drama,Heartwarming tale with unforgettable characters.,2020-08-11,8.8,83
920,The Irishman,Movie,Hollywood,"Action, Mystery",Visual spectacle with groundbreaking effects.,2024-06-04,9.6,88
921,Get Out 8,Movie,Indie,"Mystery, Fantasy",An epic journey through space and time.,2014-07-07,6.1,92
922,Inception 6,Movie,Classic,Comedy,Revolutionary storytelling and stunning action.,2025-09-27,9.5,86
923,Tenet,Movie,Bollywood,Action,A gripping story of heroism and sacrifice.,2024-07-09,6.4,66
924,Parasite,Movie,Blockbuster,Comedy,Heartwarming tale with unforgettable characters.,2017-04-18,7.6,66
925,Avengers: Endgame 7,Movie,International,"Sci-Fi, Drama",Heartwarming tale with unforgettable characters.,2023-10-18,7.1,90
926,Jojo Rabbit 3,Movie,Blockbuster,"Action, Romance",An epic journey through space and time.,2023-12-26,9.3,67
927,Knives Out,Movie,International,Biography,Mind-bending visuals and deep philosophical themes.,2013-03-13,8.6,65
928,Barbie,Movie,Hollywood,Adventure,A gripping story of heroism and sacrifice.,2024-12-24,8.0,87
929,Knives Out 1,Movie,Bollywood,Comedy,A masterpiece of direction and acting.,2020-07-06,8.4,87
930,The Shawshank Redemption,Movie,Bollywood,Mystery,Heartwarming tale with unforgettable characters.,2014-11-08,6.1,94
931,Barbie,Movie,Indie,Drama,A masterpiece of direction and acting.,2017-06-16,7.8,84
932,Mad Max: Fury Road 4,Movie,Bollywood,"Thriller, Comedy",A gripping story of heroism and sacrifice.,2024-06-01,8.0,98
933,Spider-Man: No Way Home,Movie,International,Fantasy,Visual spectacle with groundbreaking effects.,2013-06-07,8.4,78
934,Dune,Movie,Bollywood,"Horror, Comedy",Mind-bending visuals and deep philosophical themes.,2023-01-08,7.7,99
935,Fight Club,Movie,Bollywood,Biography,An epic journey through space and time.,2021-11-27,9.4,90
936,The Batman,Movie,Hollywood,Fantasy,Intense psychological thriller.,2017-03-03,7.7,86
937,Tenet,Movie,Bollywood,Fantasy,Visual spectacle with groundbreaking effects.,2022-08-30,6.9,69
938,Oppenheimer 1,Movie,Blockbuster,"Comedy, Action",Mind-bending visuals and deep philosophical themes.,2012-11-18,9.1,93
939,Top Gun: Maverick,Movie,Indie,"Biography, Thriller",Heartwarming tale with unforgettable characters.,2025-10-28,6.8,75
940,Mad Max: Fury Road,Movie,Hollywood,"Mystery, Biography",An epic journey through space and time.,2013-09-08,9.5,73
941,Everything Everywhere All at Once,Movie,Bollywood,"Comedy, Romance",Revolutionary storytelling and stunning action.,2014-06-11,6.3,70
942,La La Land,Movie,Bollywood,Drama,Revolutionary storytelling and stunning action.,2012-11-14,6.9,87
943,No Time to Die,Movie,International,"Thriller, Drama",An epic journey through space and time.,2026-01-14,9.3,75
944,Dune,Movie,Hollywood,Adventure,Revolutionary storytelling and stunning action.,2016-12-26,9.4,76
945,Top Gun: Maverick,Movie,Bollywood,"Adventure, Mystery",An epic journey through space and time.,2015-08-11,7.3,74
946,The Dark Knight 6,Movie,International,Comedy,Intense psychological thriller.,2014-06-13,7.7,90
947,Joker,Movie,Hollywood,Drama,Revolutionary storytelling and stunning action.,2016-08-27,9.5,77
948,Whiplash,Movie,Classic,"Horror, Biography",An epic journey through space and time.,2012-12-22,7.6,94
949,Everything Everywhere All at Once,Movie,Indie,Mystery,A masterpiece of direction and acting.,2022-11-24,6.6,92
950,The Grand Budapest Hotel,Movie,Blockbuster,"Horror, Drama",An epic journey through space and time.,2013-08-22,8.2,90
951,Pulp Fiction,Movie,Indie,Fantasy,Intense psychological thriller.,2021-12-14,8.6,72
952,The Grand Budapest Hotel 9,Movie,Indie,Comedy,Heartwarming tale with unforgettable characters.,2020-05-22,9.7,72
953,Whiplash 5,Movie,International,Romance,Heartwarming tale with unforgettable characters.,2023-06-23,8.4,99
954,The Revenant,Movie,Indie,"Sci-Fi, Fantasy",Heartwarming tale with unforgettable characters.,2020-10-22,6.3,91
955,No Time to Die,Movie,International,Action,Heartwarming tale with unforgettable characters.,2014-10-03,8.8,87
956,The Grand Budapest Hotel,Movie,Indie,"Sci-Fi, Adventure",Mind-bending visuals and deep philosophical themes.,2015-01-27,6.1,90
957,Parasite 6,Movie,Hollywood,Comedy,An epic journey through space and time.,2022-01-30,7.1,72
958,Forrest Gump 9,Movie,Hollywood,"Horror, Thriller",Heartwarming tale with unforgettable characters.,2015-01-10,9.4,67
959,Joker 8,Movie,Hollywood,"Action, Action",Intense psychological thriller.,2023-07-11,6.1,71
960,Everything Everywhere All at Once,Movie,Indie,"Romance, Drama",An epic journey through space and time.,2020-05-17,8.6,74
961,The Revenant,Movie,Classic,Fantasy,Mind-bending visuals and deep philosophical themes.,2024-02-20,9.5,96
962,Inception,Movie,Indie,Thriller,An epic journey through space and time.,2013-10-25,7.4,79
963,Oppenheimer 2,Movie,Bollywood,Drama,Intense psychological thriller.,2025-10-30,7.6,94
964,Everything Everywhere All at Once,Movie,Indie,Mystery,Intense psychological thriller.,2022-12-28,7.1,70
965,Forrest Gump,Movie,Bollywood,Comedy,Mind-bending visuals and deep philosophical themes.,2019-12-26,6.3,74
966,Whiplash,Movie,Hollywood,Action,Revolutionary storytelling and stunning action.,2013-03-14,9.2,69
967,Black Panther,Movie,International,Fantasy,Heartwarming tale with unforgettable characters.,2019-07-06,7.2,66
968,Mad Max: Fury Road 3,Movie,Blockbuster,Fantasy,Revolutionary storytelling and stunning action.,2017-10-14,8.6,69
969,Oppenheimer,Movie,Blockbuster,"Romance, Romance",An epic journey through space and time.,2023-07-23,6.0,86
970,Parasite 6,Movie,Indie,"Sci-Fi, Adventure",Intense psychological thriller.,2025-12-12,9.3,78
971,Parasite,Movie,International,Thriller,Visual spectacle with groundbreaking effects.,2013-04-14,6.3,98
972,1917,Movie,Hollywood,"Sci-Fi, Mystery",A masterpiece of direction and acting.,2024-11-04,9.3,84
973,Forrest Gump,Movie,Bollywood,"Comedy, Thriller",An epic journey through space and time.,2013-07-30,7.2,96
974,Inception,Movie,Classic,Thriller,A masterpiece of direction and acting.,2014-03-29,7.4,88
975,Black Panther,Movie,Bollywood,"Sci-Fi, Comedy",Revolutionary storytelling and stunning action.,2023-06-16,7.3,87
976,Avengers: Endgame 6,Movie,Classic,"Comedy, Horror",An epic journey through space and time.,2026-01-25,6.5,82
977,Once Upon a Time in Hollywood 6,Movie,Bollywood,Horror,Visual spectacle with groundbreaking effects.,2021-07-04,7.5,99
978,1917 7,Movie,Indie,Comedy,A masterpiece of direction and acting.,2025-02-16,6.0,93
979,Interstellar,Movie,Bollywood,"Comedy, Fantasy",A gripping story of heroism and sacrifice.,2020-01-09,9.5,68
980,Black Panther 3,Movie,Blockbuster,"Comedy, Comedy",A masterpiece of direction and acting.,2022-03-11,8.8,66
981,The Dark Knight,Movie,Indie,Crime,An epic journey through space and time.,2025-01-06,6.9,83
982,Top Gun: Maverick,Movie,Bollywood,"Sci-Fi, Sci-Fi",Heartwarming tale with unforgettable characters.,2019-11-10,9.2,86
983,Pulp Fiction,Movie,Hollywood,Action,An epic journey through space and time.,2015-06-01,9.6,73
984,Top Gun: Maverick 2,Movie,International,Comedy,Visual spectacle with groundbreaking effects.,2022-05-23,8.3,79
985,Inception,Movie,Classic,Crime,Revolutionary storytelling and stunning action.,2020-07-15,9.1,72
986,The Batman,Movie,Blockbuster,Fantasy,Mind-bending visuals and deep philosophical themes.,2016-07-07,6.6,71
987,Dune,Movie,Classic,Mystery,A masterpiece of direction and acting.,2022-02-14,8.2,97
988,No Time to Die,Movie,Classic,"Biography, Action",An epic journey through space and time.,2013-03-02,7.8,99
989,Parasite 7,Movie,Classic,"Crime, Comedy",Revolutionary storytelling and stunning action.,2016-07-09,9.2,95
990,Black Panther,Movie,Blockbuster,Biography,Revolutionary storytelling and stunning action.,2017-06-07,8.5,65
991,Whiplash,Movie,Indie,Crime,A gripping story of heroism and sacrifice.,2019-04-17,6.5,73
992,The Revenant,Movie,Indie,Biography,Visual spectacle with groundbreaking effects.,2021-12-05,8.2,94
993,Forrest Gump,Movie,Classic,Crime,An epic journey through space and time.,2013-12-05,6.6,77
994,Parasite,Movie,Blockbuster,Romance,Revolutionary storytelling and stunning action.,2013-03-10,8.7,90
995,Inception,Movie,International,Romance,A masterpiece of direction and acting.,2019-10-30,7.5,74
996,The Dark Knight,Movie,Blockbuster,Thriller,Visual spectacle with groundbreaking effects.,2023-07-03,8.1,89
997,The Dark Knight 8,Movie,Hollywood,"Crime, Drama",A masterpiece of direction and acting.,2018-01-30,7.9,99
998,The Revenant,Movie,Blockbuster,Horror,A masterpiece of direction and acting.,2025-08-07,6.0,98
999,Oppenheimer,Movie,Classic,"Crime, Drama",A masterpiece of direction and acting.,2014-08-03,9.7,92
1000,Top Gun: Maverick,Movie,Blockbuster,"Horror, Fantasy",Heartwarming tale with unforgettable characters.,2024-07-07,9.7,98
